mutation_string,position,y_true,y_pred,epistemic_std,aleatoric_std,total_std,residual
V35A,24,-2.0,-1.4688184,0.74790055,0.74077064,1.0526615,-0.5311816
V35V,24,0.014725444,-1.1300005,0.28520355,0.7137351,0.76860845,1.1447259
V35E,24,-2.0,-2.0887716,0.8909588,0.5862373,1.0665278,0.08877158
V35L,24,-0.8859844,-1.81519,0.47164792,0.69066554,0.8363436,0.92920554
V35W,24,-2.0,-1.3053721,0.27365014,0.7023505,0.75377756,-0.6946279
V35F,24,-2.0,-1.3611573,0.50579065,0.70930016,0.8711664,-0.6388427
V35P,24,-2.0,-1.7970469,0.46011174,0.66966015,0.81249464,-0.2029531
V35G,24,-2.0,-1.5685036,1.0765823,0.7711638,1.3242822,-0.43149638
V35I,24,-0.39962667,-1.0578059,0.20215352,0.71193284,0.74007726,0.6581792
V35N,24,-2.0,-1.7245041,0.99831223,0.7448433,1.2455596,-0.2754959
V35M,24,-0.42060968,-1.166288,0.16943453,0.70960087,0.72954875,0.7456783
V35H,24,-2.0,-1.4105655,0.27739736,0.67090374,0.72598976,-0.5894345
V35Q,24,-2.0,-1.6473869,0.54236406,0.6961311,0.8824723,-0.3526131
V35D,24,-2.0,-1.6850382,0.6906924,0.6181926,0.9269402,-0.3149618
V35S,24,-2.0,-1.6299012,0.4859783,0.5679684,0.74750453,-0.37009883
V35Y,24,-2.0,-1.2136108,0.19410668,0.7305798,0.7559261,-0.78638923
V35K,24,-2.0,-1.3914335,0.25071934,0.6832169,0.7277675,-0.6085665
V35T,24,-2.0,-1.4159931,0.3554093,0.6936207,0.779375,-0.5840069
V35C,24,-2.0,-1.2406558,0.5973071,0.81650186,1.0116576,-0.7593442
V35R,24,-2.0,-1.5208702,0.34867936,0.6604939,0.7468798,-0.4791298
V36S,25,-2.0,-1.1366123,0.24737619,0.7099973,0.7518584,-0.8633877
V36G,25,-2.0,-1.3217648,0.4528099,0.6440859,0.7873268,-0.6782352
V36I,25,-0.14823674,-1.076722,0.06937197,0.76531726,0.76845497,0.9284853
V36T,25,0.020715421,-1.1569145,0.19690652,0.70015335,0.7273149,1.17763
V36W,25,-2.0,-1.2705711,0.4683938,0.7599214,0.89267755,-0.7294289
V36V,25,0.047818378,-1.1314903,0.17163554,0.7288473,0.74878377,1.1793088
V36R,25,-2.0,-1.260033,0.37294915,0.6346552,0.7361238,-0.739967
V36H,25,-0.9609727,-1.967513,0.6715986,0.6318377,0.9220974,1.0065403
V36N,25,-2.0,-1.3452468,0.78562886,0.76593274,1.0972081,-0.6547532
V36E,25,-2.0,-1.2640547,0.31191134,0.695048,0.761827,-0.73594534
V36M,25,-2.0,-1.3393258,0.33862048,0.7106569,0.7872084,-0.6606742
V36A,25,-0.011174504,-1.1330384,0.17639002,0.7418365,0.76251876,1.1218638
V36C,25,-0.90447795,-1.4322047,0.34015304,0.69939744,0.777728,0.52772677
V36Y,25,-0.29388267,-1.229741,0.5735213,0.78884906,0.9752997,0.9358583
V36D,25,-2.0,-1.3508295,0.36116984,0.6056392,0.70515424,-0.6491705
V36Q,25,-2.0,-1.139924,0.14745691,0.7530048,0.76730686,-0.86007595
V36K,25,-2.0,-1.1803445,0.204469,0.75058395,0.7779356,-0.81965554
V36F,25,-2.0,-1.3232304,0.4706338,0.6642387,0.81406957,-0.6767696
V36L,25,-2.0,-1.153731,0.15116586,0.75858176,0.77349687,-0.846269
V36P,25,-2.0,-1.3870823,0.50604254,0.71928644,0.8794612,-0.61291766
G37K,26,-2.0,-1.7707771,0.67192024,0.53148836,0.8567127,-0.2292229
G37Y,26,-1.061374,-1.4751078,0.542497,0.7389813,0.9167313,0.41373384
G37F,26,-2.0,-1.4858751,0.4754488,0.6840533,0.8330549,-0.5141249
G37C,26,-2.0,-1.4603627,0.26574504,0.5535865,0.6140671,-0.5396373
G37V,26,-2.0,-1.2702228,0.32175717,0.6566304,0.7312258,-0.7297772
G37D,26,-2.0,-1.5341885,0.55034447,0.64579713,0.8484886,-0.4658115
G37P,26,-2.0,-1.8069972,0.63535637,0.63333577,0.89710194,-0.19300282
G37H,26,-2.0,-1.6936039,0.609144,0.660221,0.89830285,-0.30639613
G37M,26,-2.0,-1.3607448,0.33516616,0.6963842,0.77284366,-0.63925517
G37N,26,-2.0,-1.5953516,0.36446255,0.57107913,0.6774691,-0.40464842
G37G,26,-0.05212804,-1.380007,0.22324638,0.7102742,0.74453235,1.327879
G37Q,26,-2.0,-1.286537,0.24801041,0.6893777,0.7326328,-0.71346295
G37R,26,-2.0,-1.4180434,0.4201304,0.7187974,0.8325739,-0.5819566
G37E,26,-2.0,-2.0923069,1.0189949,0.5324236,1.1497067,0.09230685
G37W,26,-2.0,-1.5250847,0.30746827,0.54755366,0.6279743,-0.47491527
G37L,26,-2.0,-1.9875399,0.37310424,0.67249066,0.76905817,-0.012460113
G37A,26,-2.0,-1.5025071,0.32060674,0.57668173,0.65981096,-0.4974929
G37I,26,-2.0,-1.632971,0.557088,0.62640566,0.8382906,-0.36702895
G37T,26,-2.0,-1.4641209,0.4488285,0.5728336,0.72772616,-0.53587914
G37S,26,-2.0,-1.6284283,0.49391618,0.70716953,0.86257863,-0.37157166
I38P,27,-2.0,-0.9922042,0.08001804,0.7534839,0.7577209,-1.0077958
I38V,27,-0.034918353,-0.94883484,0.07986098,0.78467256,0.78872603,0.91391647
I38D,27,-2.0,-0.99472886,0.14177823,0.7736552,0.7865389,-1.0052712
I38N,27,-2.0,-1.1243609,0.16282928,0.73545873,0.7532682,-0.8756391
I38A,27,-2.0,-0.9943102,0.0396691,0.74417055,0.7452271,-1.0056899
I38Y,27,0.094628334,-1.1120776,0.15342465,0.7477065,0.7632851,1.2067059
I38F,27,0.16438633,-0.97833914,0.04596794,0.7427186,0.74413973,1.1427255
I38S,27,-2.0,-0.970005,0.055737898,0.7469142,0.7489911,-1.029995
I38M,27,-2.0,-1.0551182,0.06572777,0.7757149,0.77849454,-0.9448818
I38W,27,-0.037777394,-1.1926059,0.48812094,0.7811508,0.92111814,1.1548284
I38I,27,0.12399199,-1.0534859,0.108383544,0.7677048,0.7753178,1.1774778
I38H,27,-0.08304646,-1.0576873,0.24806555,0.7597196,0.79919356,0.97464085
I38R,27,-2.0,-0.9954835,0.10975366,0.74417377,0.7522237,-1.0045165
I38T,27,-0.72095335,-1.0268129,0.2650285,0.78752804,0.8309275,0.30585957
I38E,27,-0.06680737,-1.1586684,0.20340204,0.7519399,0.7789647,1.091861
I38G,27,-2.0,-1.0885785,0.09295169,0.7724467,0.7780192,-0.91142154
I38L,27,-0.7285715,-1.1293285,0.14668627,0.74991953,0.764131,0.400757
I38C,27,-2.0,-1.1871345,0.5153031,0.7726603,0.92873096,-0.8128655
I38K,27,-0.2138609,-1.1570009,0.15500489,0.7408491,0.7568909,0.94314003
I38Q,27,-2.0,-1.0096695,0.18578646,0.76894826,0.791074,-0.99033046
P39G,28,-2.0,-1.6099474,0.65066886,0.705094,0.95944124,-0.39005256
P39I,28,-2.0,-1.2417074,0.24977957,0.71965986,0.76177436,-0.75829256
P39N,28,-2.0,-1.6873782,0.8487692,0.735882,1.1233572,-0.31262183
P39V,28,-2.0,-1.912246,0.8438419,0.6621666,1.0726293,-0.08775401
P39M,28,-1.0619469,-1.6055956,0.8558215,0.7185313,1.1174604,0.5436487
P39E,28,-2.0,-1.79045,0.6006898,0.5887688,0.8411165,-0.20955002
P39Q,28,-2.0,-1.4917122,0.2310352,0.5843594,0.62837344,-0.5082878
P39W,28,-2.0,-1.2562,0.18256018,0.6182528,0.6446431,-0.74380004
P39P,28,0.079916164,-1.4138463,0.3729302,0.6912763,0.78545517,1.4937624
P39L,28,-2.0,-1.5797429,0.55353534,0.6736845,0.8719244,-0.4202571
P39D,28,-2.0,-2.0157397,0.89805126,0.6434517,1.1047742,0.01573968
P39F,28,-2.0,-1.2564356,0.2467151,0.6293361,0.67596763,-0.74356437
P39T,28,-2.0,-1.7083683,0.6918595,0.7479549,1.018875,-0.2916317
P39K,28,-2.0,-1.3438952,0.39707005,0.71943927,0.8217405,-0.6561048
P39A,28,-2.0,-1.7074798,0.54137343,0.71086305,0.8935388,-0.29252017
P39Y,28,-1.0751992,-1.3255776,0.2551661,0.6234809,0.6736752,0.25037837
P39R,28,-2.0,-1.5827211,0.29381087,0.55327564,0.62644935,-0.4172789
P39C,28,-2.0,-1.5965235,0.77810675,0.7066267,1.0510811,-0.40347648
P39S,28,-2.0,-1.5338931,0.36211643,0.5511417,0.65945846,-0.4661069
P39H,28,-2.0,-1.5910482,0.67880034,0.69376487,0.9706079,-0.40895176
V40M,29,-2.0,-1.5654347,0.31084397,0.67035455,0.7389176,-0.4345653
V40S,29,-2.0,-1.2982339,0.31742242,0.6978176,0.7666201,-0.70176613
V40R,29,-2.0,-1.5326782,0.51044154,0.6556053,0.8308844,-0.46732175
V40H,29,-2.0,-1.4916874,0.54518217,0.5797565,0.7958274,-0.5083126
V40T,29,-2.0,-1.2469201,0.44504818,0.72754604,0.85287225,-0.7530799
V40Y,29,-2.0,-1.5709257,0.57115287,0.6350144,0.85408366,-0.4290743
V40V,29,-0.029052965,-1.2316004,0.27939513,0.712414,0.76524204,1.2025474
V40N,29,-2.0,-1.5713797,0.40499192,0.55685085,0.6885502,-0.42862034
V40I,29,-0.010808009,-1.3388938,0.43341753,0.7132328,0.8345968,1.3280858
V40D,29,-2.0,-1.4325975,0.43194664,0.598692,0.73824793,-0.5674025
V40A,29,-2.0,-1.4914297,0.50984913,0.6982762,0.86460155,-0.5085703
V40L,29,-2.0,-1.5029631,0.45973486,0.6656821,0.8090048,-0.49703693
V40E,29,-2.0,-1.757568,0.47969037,0.51150095,0.70123893,-0.242432
V40G,29,-2.0,-1.2835878,0.2775854,0.64440584,0.70164984,-0.7164122
V40C,29,-2.0,-1.6170475,0.5582076,0.6627645,0.8665174,-0.38295245
V40F,29,-2.0,-1.3738017,0.36813453,0.67746985,0.7710307,-0.6261983
V40K,29,-2.0,-1.3337959,0.40106997,0.72621715,0.8296074,-0.6662041
V40Q,29,-2.0,-1.5210867,0.55433655,0.67128146,0.87057906,-0.4789133
V40P,29,-2.0,-1.8209337,0.8381585,0.6769757,1.0774069,-0.1790663
V40W,29,-2.0,-1.617739,0.42691204,0.63062894,0.7615424,-0.38226104
T41K,30,-0.66338015,-1.2674588,0.3136532,0.71222836,0.77823365,0.60407865
T41P,30,-2.0,-1.2223837,0.32162458,0.6774886,0.7499555,-0.77761626
T41N,30,-2.0,-1.2002364,0.28478843,0.6633827,0.7219287,-0.79976356
T41R,30,-0.7079637,-1.2004286,0.18802246,0.692435,0.7175087,0.4924649
T41E,30,-0.1720806,-1.2588089,0.3223967,0.7261032,0.7944592,1.0867282
T41Q,30,-1.1171999,-1.0467336,0.30829564,0.7826324,0.84116566,-0.07046628
T41L,30,-2.0,-1.127081,0.15586261,0.7499074,0.7659336,-0.87291896
T41Y,30,-0.9629051,-1.1320611,0.157496,0.7549347,0.7711883,0.16915601
T41W,30,-0.64273953,-1.2270018,0.18635911,0.727742,0.75122446,0.58426225
T41C,30,-2.0,-1.150472,0.37344405,0.71071523,0.8028553,-0.84952796
T41S,30,-0.44724,-1.1998609,0.32030454,0.6749624,0.74710727,0.75262094
T41F,30,-0.68361163,-1.0335737,0.1979582,0.7829168,0.8075557,0.34996212
T41I,30,-2.0,-1.0672754,0.4213955,0.7934122,0.8983747,-0.9327246
T41H,30,-2.0,-1.0983042,0.4600976,0.7885419,0.9129557,-0.90169585
T41T,30,-0.0074319225,-0.97902966,0.037362475,0.74100024,0.7419416,0.97159773
T41V,30,-2.0,-1.1464695,0.19696797,0.68162245,0.70951074,-0.8535305
T41A,30,-0.0999272,-1.0450732,0.3083769,0.7403157,0.8019748,0.94514596
T41M,30,-2.0,-0.9269313,0.0500404,0.7758048,0.77741694,-1.0730686
T41G,30,-2.0,-1.14917,0.27014267,0.7176649,0.7668246,-0.85082996
T41D,30,-2.0,-1.3894928,0.61666995,0.68921214,0.9248217,-0.61050725
V83F,72,-2.0,-1.2192532,0.18970077,0.69816303,0.72347635,-0.7807468
V83A,72,0.05732116,-0.9940054,0.07147293,0.7478859,0.7512933,1.0513265
V83I,72,-2.0,-1.0829663,0.09433045,0.77061063,0.77636266,-0.9170337
V83Q,72,-2.0,-1.6471611,0.38727188,0.57427496,0.6926552,-0.35283887
V83G,72,0.44078082,-1.2848673,0.518936,0.7392406,0.9032005,1.7256482
V83K,72,-2.0,-1.2417319,0.40739462,0.69889283,0.80896324,-0.7582681
V83M,72,-2.0,-1.2523826,0.32687396,0.6683149,0.74397,-0.74761736
V83W,72,-2.0,-1.1293243,0.180567,0.73410726,0.75598806,-0.8706757
V83P,72,-0.2623332,-1.2666231,0.4557759,0.74553275,0.8738139,1.0042899
V83Y,72,-2.0,-1.1788133,0.16556177,0.7497708,0.7678327,-0.82118666
V83T,72,-0.07517875,-1.0153848,0.112071276,0.7749754,0.78303695,0.94020605
V83H,72,-2.0,-1.2878674,0.46298143,0.66844785,0.81312627,-0.7121326
V83N,72,-2.0,-1.5818423,0.38444734,0.5941897,0.70771545,-0.4181577
V83R,72,-2.0,-1.3304315,0.38069764,0.70670056,0.8027181,-0.66956854
V83V,72,-0.06207516,-1.0515654,0.063516274,0.7728177,0.7754234,0.9894903
V83L,72,-2.0,-1.2845311,0.3060104,0.6729598,0.73926806,-0.7154689
V83C,72,-0.03726244,-1.3132805,0.40036756,0.7280969,0.83091474,1.276018
V83S,72,0.034016352,-1.0839753,0.095191695,0.7751606,0.7809836,1.1179917
V83E,72,-2.0,-1.1446525,0.14305136,0.74396574,0.75759405,-0.8553475
V83D,72,-2.0,-1.2166915,0.23773982,0.7431617,0.7802624,-0.7833085
F121Q,110,-0.6266854,-1.7560548,0.686713,0.5475476,0.87828416,1.1293694
F121A,110,-2.0,-1.2557758,0.37303624,0.646668,0.74654907,-0.7442242
F121L,110,-2.0,-1.9915059,1.1370691,0.7021365,1.3363839,-0.008494139
F121Y,110,-2.0,-1.3514336,0.3452415,0.6458337,0.7323202,-0.64856637
F121D,110,-2.0,-1.8548859,0.69175303,0.6029681,0.9176561,-0.14511406
F121M,110,-2.0,-1.7297362,0.5998253,0.6770192,0.9045139,-0.2702638
F121C,110,-2.0,-1.7506411,0.52009964,0.56582874,0.76854783,-0.24935889
F121P,110,-2.0,-1.5139445,0.4300528,0.6607036,0.78833663,-0.4860555
F121E,110,-2.0,-1.3815798,0.39744148,0.6487009,0.76077104,-0.61842024
F121F,110,-0.0023734365,-1.5543557,0.55434924,0.6465464,0.8516604,1.5519823
F121V,110,-2.0,-1.485706,0.3428092,0.5536207,0.6511636,-0.514294
F121I,110,-2.0,-1.5396996,0.49718514,0.68057674,0.8428391,-0.46030045
F121N,110,-2.0,-2.0006883,0.8597668,0.6612316,1.0846318,0.00068831444
F121G,110,-2.0,-1.6710236,0.8137672,0.7131903,1.0820616,-0.3289764
F121H,110,-2.0,-1.4598697,0.40481368,0.60332507,0.7265502,-0.54013026
F121S,110,-2.0,-1.188712,0.32661688,0.72487867,0.79506457,-0.811288
F121R,110,-2.0,-2.1375809,1.094497,0.6872812,1.2923928,0.13758087
F121T,110,-2.0,-1.8570946,0.78216153,0.68472034,1.0395281,-0.14290535
F121K,110,-2.0,-1.9184589,0.8339887,0.72622734,1.1058676,-0.08154106
F121W,110,-2.0,-1.3630198,0.40502748,0.6734084,0.7858283,-0.6369802
F122W,111,-2.0,-1.3913097,0.4298095,0.6939818,0.8163008,-0.60869026
F122F,111,0.01929531,-1.2838593,0.52293694,0.73587656,0.9027609,1.3031546
F122M,111,-2.0,-1.7783108,0.72871464,0.667089,0.9879437,-0.22168922
F122D,111,-2.0,-2.125013,1.0622535,0.6439727,1.2422091,0.12501311
F122S,111,-2.0,-1.3482394,0.27902922,0.66933274,0.72516453,-0.6517606
F122V,111,-2.0,-1.7727212,0.74549896,0.6294252,0.9756766,-0.22727883
F122Y,111,-0.45672774,-1.7140293,0.8548089,0.5905933,1.0389893,1.2573016
F122I,111,-2.0,-1.7260426,0.77862155,0.5561377,0.9568389,-0.27395737
F122A,111,-2.0,-1.3209546,0.2822929,0.69369304,0.7489321,-0.67904544
F122K,111,-2.0,-2.143292,0.87710047,0.5409757,1.0305145,0.14329195
F122C,111,-2.0,-1.4150213,0.29731816,0.6622536,0.7259325,-0.5849787
F122T,111,-2.0,-1.3663248,0.34311622,0.7087433,0.78742987,-0.6336752
F122P,111,-2.0,-1.4195563,0.37138364,0.59840745,0.70428497,-0.58044374
F122L,111,-2.0,-1.7277392,0.7541051,0.68732405,1.0203376,-0.2722608
F122H,111,-2.0,-1.5970472,0.47324592,0.72851795,0.8687348,-0.4029528
F122E,111,-2.0,-1.5250196,0.47541076,0.6636902,0.8163946,-0.47498035
F122R,111,-2.0,-1.5224671,0.36461717,0.5705163,0.67707795,-0.47753286
F122Q,111,-2.0,-1.8063561,0.77969176,0.58817434,0.97666186,-0.19364393
F122N,111,-2.0,-1.5772808,0.29556927,0.54199153,0.6173459,-0.42271924
F122G,111,-2.0,-1.4998788,0.4923444,0.6220864,0.7933439,-0.50012124
Q123T,112,-2.0,-2.0790515,0.7684629,0.46163726,0.896462,0.079051495
Q123K,112,-2.0,-1.9781579,0.6954997,0.5172713,0.86676955,-0.021842122
Q123H,112,-2.0,-1.6903658,0.46575162,0.55648005,0.72566843,-0.3096342
Q123C,112,-1.0527518,-1.4693346,0.37755716,0.6852942,0.7824178,0.41658282
Q123M,112,-2.0,-1.4233679,0.60126114,0.7056251,0.92705005,-0.57663214
Q123R,112,-2.0,-1.8746136,0.6996718,0.55430037,0.8926307,-0.12538636
Q123G,112,-2.0,-1.7410891,0.59002984,0.5703495,0.82063013,-0.2589109
Q123S,112,-2.0,-1.6562096,0.6290296,0.57198495,0.8502029,-0.3437904
Q123D,112,-2.0,-1.6685193,0.5650255,0.5409108,0.78220093,-0.33148074
Q123Y,112,-2.0,-1.6437165,0.4691195,0.5679921,0.73667365,-0.35628355
Q123Q,112,0.050792456,-1.3140271,0.30908418,0.69682956,0.7623021,1.3648195
Q123V,112,-2.0,-1.5410838,0.47144082,0.756327,0.8912278,-0.4589162
Q123A,112,-2.0,-1.5130612,0.73616636,0.72013223,1.029821,-0.48693883
Q123W,112,-2.0,-1.292533,0.263394,0.69627714,0.7444315,-0.70746696
Q123P,112,-2.0,-1.7717794,0.774047,0.678902,1.0295905,-0.22822058
Q123I,112,-2.0,-1.5088866,0.43888545,0.6951002,0.8220613,-0.49111342
Q123L,112,-2.0,-1.7281414,0.88935614,0.5860262,1.0650733,-0.27185857
Q123F,112,-2.0,-1.6393846,0.5196799,0.63374186,0.81957054,-0.36061537
Q123N,112,-2.0,-1.6846592,0.5221331,0.57306266,0.77525723,-0.31534076
Q123E,112,-2.0,-1.9451315,0.5754103,0.5165679,0.7732654,-0.05486846
K183W,172,-2.0,-0.6634604,0.19025575,0.51315206,0.54728633,-1.3365396
K183S,172,-0.10541749,-0.4351882,0.21859872,0.42379478,0.47685155,0.3297707
K183I,172,-0.96038383,-0.92752534,0.12874892,0.68259335,0.6946294,-0.03285849
K183P,172,-2.0,-0.8092101,0.1471587,0.7005873,0.71587586,-1.1907899
K183E,172,-0.43988603,-0.9632204,0.37237716,0.55586404,0.6690662,0.5233344
K183L,172,-0.15692227,-0.8675928,0.096332036,0.64435226,0.6515134,0.71067053
K183T,172,-0.35855988,-0.739644,0.19484653,0.62127507,0.6511128,0.3810841
K183K,172,0.09911959,-0.767584,0.21229525,0.57157344,0.6097257,0.8667036
K183G,172,-0.8882057,-0.8586869,0.08463249,0.7050493,0.7101106,-0.029518783
K183C,172,-0.17185625,-0.8601009,0.13962275,0.6131713,0.62886685,0.6882447
K183M,172,-0.24960932,-0.7797739,0.09098613,0.6099088,0.61665815,0.5301646
K183H,172,-0.48417524,-0.6215461,0.1770234,0.46438026,0.49697718,0.13737085
K183Y,172,-1.1926498,-0.82263297,0.08453699,0.69582695,0.7009434,-0.37001687
K183Q,172,-0.12833178,-0.51477593,0.19045062,0.4497742,0.48843452,0.38644415
K183F,172,-0.64404714,-0.82584107,0.14054462,0.66734433,0.68198335,0.18179393
K183R,172,-0.11087003,-0.7852678,0.1414989,0.6658341,0.68070334,0.6743977
K183V,172,-0.58240277,-0.82274956,0.17385145,0.62395275,0.6477201,0.24034679
K183N,172,-0.56489617,-0.6982221,0.15121296,0.54668117,0.56720865,0.13332593
K183A,172,-0.19358046,-0.7809846,0.14266357,0.72751766,0.7413736,0.58740413
K183D,172,-0.25739342,-0.97709286,0.28513843,0.591661,0.6567851,0.71969944
A263F,252,-0.2778331,-1.040646,0.062123068,0.76419497,0.7667158,0.76281285
A263I,252,-0.60820305,-1.0307225,0.12348148,0.7211329,0.73162854,0.42251945
A263P,252,-2.0,-1.0066388,0.09267784,0.7424177,0.74818,-0.99336123
A263G,252,-0.18879525,-1.0390607,0.05463493,0.777372,0.77928954,0.85026544
A263T,252,-0.7136125,-1.0867437,0.09385318,0.7618292,0.76758856,0.37313122
A263V,252,-0.4039418,-1.0380787,0.0641466,0.75940275,0.76210713,0.63413686
A263Q,252,-0.23166382,-0.9880795,0.03471148,0.7447081,0.74551666,0.75641567
A263S,252,0.039003205,-1.0364752,0.060914196,0.77689594,0.77928036,1.0754784
A263K,252,-0.66569424,-0.9426403,0.07772886,0.78147787,0.785334,0.27694607
A263D,252,-2.0,-0.90624136,0.084340416,0.85653704,0.8606794,-1.0937586
A263L,252,-0.3883264,-0.93786746,0.07053398,0.7749862,0.7781893,0.54954106
A263M,252,0.0603201,-0.9283334,0.050949927,0.7776136,0.7792809,0.9886535
A263W,252,-2.0,-0.99842626,0.047578312,0.73988867,0.7414169,-1.0015738
A263R,252,-0.06544007,-1.0339221,0.18894944,0.7294892,0.75356245,0.968482
A263N,252,-0.25115448,-1.0549654,0.047279652,0.7756148,0.7770545,0.8038109
A263E,252,-2.0,-1.067858,0.08790084,0.76122963,0.76628786,-0.932142
A263C,252,-0.7882873,-1.0174459,0.13661934,0.74437094,0.7568044,0.22915864
A263Y,252,-0.52901727,-1.0550225,0.08883213,0.7646509,0.76979357,0.5260052
A263A,252,-0.07263522,-0.9281306,0.048367575,0.7716679,0.7731822,0.8554954
A263H,252,-0.7497132,-1.04543,0.065144986,0.7707982,0.7735462,0.29571676
A264F,253,-2.0,-1.0405867,0.13975173,0.7347169,0.74789,-0.9594133
A264D,253,-2.0,-1.1058526,0.06374211,0.76407444,0.7667287,-0.8941474
A264K,253,-0.17571017,-1.0618721,0.18360257,0.72338957,0.7463259,0.8861619
A264R,253,-0.25808373,-1.044821,0.098714046,0.76126736,0.7676409,0.7867373
A264H,253,-2.0,-0.9291691,0.08060201,0.76810265,0.7723201,-1.0708308
A264M,253,-0.42596143,-1.0705665,0.047792446,0.7659576,0.7674472,0.6446051
A264P,253,-0.23762599,-1.2475642,0.2989574,0.72013646,0.7797256,1.0099382
A264C,253,-0.542102,-1.0647242,0.08247058,0.7685847,0.7729967,0.5226222
A264T,253,-2.0,-1.0657549,0.09968785,0.79332024,0.79955906,-0.9342451
A264A,253,0.004321374,-1.0045122,0.065135725,0.739535,0.7423979,1.0088335
A264G,253,-0.3519441,-1.0762533,0.07053664,0.7639312,0.7671808,0.7243092
A264I,253,-2.0,-1.1165001,0.17022544,0.74739224,0.76653236,-0.88349986
A264V,253,-2.0,-0.9096373,0.08231185,0.7733587,0.77772677,-1.0903628
A264S,253,-0.18580718,-1.0328339,0.18920931,0.74159014,0.76534706,0.84702677
A264Q,253,-0.7852382,-1.2116446,0.27749026,0.73259085,0.7833838,0.42640644
A264W,253,-2.0,-1.0497967,0.06740411,0.7794639,0.78237283,-0.9502033
A264E,253,-0.5052769,-1.2330137,0.332679,0.67752093,0.7547913,0.72773683
A264Y,253,-0.9391991,-1.1343693,0.11140318,0.73742557,0.7457929,0.19517016
A264N,253,-2.0,-0.95937234,0.11668807,0.7536548,0.76263463,-1.0406277
A264L,253,-2.0,-1.2546258,0.46180257,0.68246967,0.8240306,-0.7453742
R266W,255,-2.0,-1.0326334,0.079672985,0.72920746,0.7335471,-0.9673666
R266T,255,-1.0169863,-1.2568111,0.54277575,0.7530853,0.9283011,0.23982489
R266D,255,-2.0,-1.1834544,0.19068238,0.6876798,0.71362686,-0.8165456
R266G,255,-0.961286,-1.2221888,0.29365572,0.66747713,0.72921836,0.26090282
R266P,255,-0.43361115,-1.1207787,0.0898242,0.7392737,0.7447107,0.6871675
R266E,255,-0.77057993,-1.225551,0.2835629,0.7209286,0.77469087,0.45497108
R266Q,255,-0.36187005,-1.1966288,0.16869646,0.68808675,0.70846444,0.83475876
R266K,255,-2.0,-1.0725573,0.09215928,0.75922453,0.76479745,-0.92744267
R266N,255,-2.0,-1.1730632,0.20167077,0.6765254,0.7059446,-0.82693684
R266M,255,-0.5344714,-1.227301,0.21435606,0.6842737,0.7170628,0.6928296
R266V,255,-2.0,-1.2974932,0.5828413,0.6844355,0.8989749,-0.7025068
R266C,255,-2.0,-1.0777591,0.18472187,0.723198,0.74641645,-0.92224085
R266F,255,-2.0,-1.1367339,0.23434469,0.72830707,0.7650808,-0.8632661
R266S,255,-2.0,-1.1463186,0.2652856,0.6844378,0.73405147,-0.85368145
R266L,255,-2.0,-1.1933085,0.16119143,0.7043592,0.72256804,-0.8066915
R266Y,255,-2.0,-1.3082675,0.25165543,0.6276234,0.6761964,-0.6917325
R266I,255,-2.0,-1.1650466,0.197131,0.7038647,0.7309488,-0.8349534
R266R,255,0.051835574,-1.0939878,0.123377204,0.74668735,0.75681174,1.1458234
R266H,255,-0.34744537,-1.1558485,0.13429369,0.72246253,0.734838,0.80840313
R266A,255,0.003867727,-1.2719793,0.3443947,0.68796426,0.769352,1.2758471
S267Y,256,-2.0,-1.2130816,0.3444151,0.74439394,0.8202098,-0.7869184
S267A,256,-0.31200257,-1.0459546,0.07065967,0.76780427,0.7710488,0.73395205
S267C,256,-0.3462766,-1.06708,0.26283213,0.75287247,0.7974319,0.7208034
S267F,256,-2.0,-1.079759,0.087187454,0.7531076,0.75813764,-0.920241
S267I,256,-0.75428134,-1.1830629,0.3262905,0.7179372,0.78860587,0.42878157
S267M,256,-0.55596465,-1.0421942,0.1843331,0.75521123,0.77738196,0.4862296
S267V,256,-2.0,-1.1013408,0.11020125,0.7313138,0.7395703,-0.8986592
S267E,256,-0.46951696,-1.1057037,0.54688257,0.79548335,0.9653364,0.6361867
S267G,256,-0.53256196,-1.1487192,0.15161715,0.7080815,0.724132,0.61615723
S267Q,256,-0.2284481,-1.1487459,0.15991998,0.7094407,0.7272417,0.9202978
S267S,256,-0.24465786,-1.0070323,0.14366928,0.7296993,0.74370825,0.7623744
S267K,256,-2.0,-1.1217688,0.21132392,0.72925484,0.7592565,-0.87823117
S267W,256,-2.0,-1.1068299,0.14617757,0.7303902,0.7448743,-0.8931701
S267P,256,-2.0,-1.1980785,0.2643511,0.7427488,0.788389,-0.8019215
S267R,256,-0.28461206,-1.0264724,0.10095366,0.7405067,0.74735653,0.7418604
S267H,256,-2.0,-1.1045169,0.17683116,0.68366784,0.7061664,-0.89548314
S267D,256,-2.0,-1.3010585,0.3167495,0.74029875,0.80521584,-0.69894147
S267T,256,-2.0,-1.014239,0.074264675,0.72473043,0.72852546,-0.98576105
S267N,256,-2.0,-1.1183268,0.19460247,0.7248771,0.7505444,-0.8816732
S267L,256,-2.0,-1.3411164,0.3476342,0.7385805,0.81630313,-0.6588836
W285Q,274,-0.79342026,-1.0465772,0.068589635,0.7726841,0.7757224,0.25315696
W285E,274,-1.0940074,-0.98261803,0.061263796,0.74421805,0.7467354,-0.11138934
W285L,274,-0.927223,-1.0524371,0.068896584,0.77364546,0.7767072,0.12521404
W285A,274,-1.3980705,-0.998398,0.12616248,0.7358108,0.7465484,-0.39967245
W285N,274,-1.0801688,-1.053084,0.074056014,0.77089703,0.77444595,-0.027084827
W285Y,274,-0.919306,-0.97783613,0.046328872,0.74270976,0.7441533,0.05853015
W285W,274,0.022515832,-0.93191165,0.07373107,0.781615,0.7850849,0.9544275
W285M,274,-0.9539003,-0.9724184,0.050834183,0.7437126,0.7454479,0.01851815
W285P,274,-0.9394966,-1.1026936,0.10841383,0.7391859,0.747094,0.16319698
W285C,274,-1.0880232,-0.9442154,0.09731595,0.7755357,0.7816176,-0.14380777
W285V,274,-0.9846552,-1.0521715,0.13474281,0.7135775,0.72618765,0.06751627
W285I,274,-0.78307474,-1.1053871,0.07302728,0.74168426,0.7452708,0.32231236
W285R,274,-0.97798264,-1.0464557,0.08261521,0.7595271,0.764007,0.0684731
W285F,274,-0.8211688,-1.0402787,0.058319636,0.77019525,0.7724001,0.2191099
W285G,274,-0.7951278,-0.9546307,0.08349517,0.7608762,0.7654436,0.15950286
W285D,274,-0.92804354,-1.050861,0.070225224,0.7683596,0.7715621,0.12281746
W285K,274,-0.825362,-0.9853384,0.058835696,0.74942005,0.75172603,0.15997636
W285S,274,-0.8496387,-1.0094038,0.08602806,0.71621966,0.7213677,0.15976512
W285H,274,-1.0443579,-0.9345991,0.059531454,0.79050946,0.79274786,-0.109758794
W285T,274,-0.9346464,-0.9940025,0.07851066,0.7363951,0.7405685,0.059356093
M286P,275,-2.0,-1.5065682,0.43157694,0.6212548,0.75644976,-0.4934318
M286W,275,-2.0,-1.5207208,0.30402696,0.65149564,0.71894294,-0.47927916
M286R,275,-2.0,-1.2138776,0.2505565,0.710912,0.7537735,-0.78612244
M286L,275,-2.0,-1.667499,0.64962155,0.5858735,0.87478906,-0.33250105
M286N,275,-1.4485071,-1.5750678,0.29543248,0.51482016,0.59356564,0.12656069
M286E,275,-1.4280927,-1.6061324,0.49982098,0.5578535,0.7490137,0.17803967
M286H,275,-1.4440267,-1.4737376,0.27817395,0.5813152,0.64444405,0.029710889
M286K,275,-2.0,-1.3454183,0.5349033,0.74056333,0.9135402,-0.65458167
M286G,275,-2.0,-1.4401214,0.26813146,0.6622234,0.71444684,-0.5598786
M286F,275,-2.0,-1.2575985,0.2647933,0.7009078,0.74925786,-0.7424015
M286A,275,-2.0,-1.5293992,0.56307137,0.6806219,0.8833434,-0.47060084
M286I,275,-2.0,-1.1960092,0.22554715,0.7285026,0.76261884,-0.80399084
M286S,275,-2.0,-1.467262,0.27864537,0.5865273,0.6493516,-0.532738
M286T,275,-2.0,-1.2578254,0.16472314,0.7261072,0.74455714,-0.7421746
M286V,275,-2.0,-1.653711,0.64291286,0.69950396,0.95007515,-0.34628904
M286M,275,0.096253164,-1.4413881,0.4074693,0.69614625,0.8066293,1.5376413
M286D,275,-2.0,-1.560536,0.39861917,0.6227979,0.739442,-0.43946397
M286Q,275,-1.2194842,-1.4048741,0.39504007,0.6946871,0.7991538,0.18538988
M286C,275,-2.0,-1.8119593,0.63534707,0.7038359,0.94818294,-0.18804073
M286Y,275,-2.0,-1.5680474,0.39555386,0.71885604,0.82049793,-0.4319526
E339P,328,-0.34085554,-0.5308422,0.13316706,0.5164054,0.53329915,0.18998665
E339V,328,0.0015922054,-0.10525184,0.16972117,0.31470135,0.3575503,0.106844045
E339M,328,-0.01794671,-0.05559642,0.19410904,0.29476985,0.35294133,0.037649706
E339I,328,-0.8631647,-0.14967608,0.19417313,0.31268188,0.3680668,-0.71348864
E339R,328,-0.13790344,-0.45971718,0.20540689,0.48270452,0.52459097,0.32181376
E339N,328,-0.06218323,-0.32101423,0.24201012,0.3304042,0.40955564,0.258831
E339S,328,0.1384858,-0.39434254,0.23575628,0.45315835,0.5108165,0.53282833
E339C,328,-0.11568609,-0.095682904,0.27407905,0.30744871,0.41187865,-0.020003185
E339Q,328,-0.004037506,-0.49443182,0.25962317,0.48633376,0.5512937,0.49039432
E339F,328,-0.022041881,-0.1854873,0.36479872,0.39508674,0.5377468,0.16344541
E339E,328,0.052370436,-0.16539364,0.24664629,0.32260752,0.4060911,0.21776408
E339H,328,0.0028433946,-0.21186124,0.27252293,0.33551538,0.43224916,0.21470463
E339Y,328,-0.040011004,-0.22077103,0.24203126,0.38930675,0.45840907,0.18076003
E339A,328,-0.18385519,-0.3179149,0.16989353,0.44310585,0.4745594,0.13405971
E339D,328,0.01720914,-0.2559416,0.24742958,0.3361124,0.4173643,0.27315074
E339W,328,-0.8071614,-0.09469328,0.2414776,0.3650926,0.437726,-0.7124681
E339T,328,0.040380463,-0.1890841,0.22070044,0.31105736,0.38139924,0.22946456
E339G,328,-0.13890658,-0.34950948,0.21405248,0.39191556,0.4465605,0.2106029
E339K,328,0.019300483,-0.40387002,0.23617399,0.43868673,0.49822104,0.4231705
E339L,328,-0.06428576,-0.45504752,0.32379076,0.47611293,0.57578117,0.39076176
V364H,353,-0.65930814,-1.076095,0.16589662,0.71867615,0.7375751,0.41678685
V364F,353,-2.0,-0.86844444,0.09213495,0.65982324,0.6662249,-1.1315556
V364E,353,-1.3280503,-1.0355785,0.13440338,0.71757793,0.7300564,-0.29247177
V364P,353,-2.0,-1.1488075,0.2786255,0.74594456,0.7962823,-0.8511925
V364S,353,-0.84816647,-0.93348616,0.1457419,0.6677764,0.68349546,0.0853197
V364G,353,-2.0,-1.0356103,0.22926351,0.63981,0.67964596,-0.9643897
V364Q,353,-0.013576079,-0.9019195,0.074994005,0.7652707,0.7689366,0.8883434
V364D,353,-2.0,-1.0886433,0.252744,0.623413,0.67269856,-0.9113567
V364K,353,0.02061085,-0.99207366,0.20319846,0.76102126,0.78768206,1.0126845
V364L,353,-0.009837614,-0.95062876,0.17950049,0.7921144,0.81219804,0.94079113
V364I,353,0.104009785,-1.0052221,0.06068544,0.7439437,0.7464147,1.1092318
V364N,353,-0.5528521,-0.9329786,0.13694748,0.6820215,0.6956349,0.38012648
V364C,353,-0.12642668,-0.9848671,0.09005164,0.68426025,0.69016045,0.8584404
V364M,353,-0.015203156,-0.91742116,0.11035791,0.75674206,0.76474667,0.902218
V364T,353,-0.113484696,-1.0007473,0.09055218,0.7097594,0.7155125,0.88726264
V364R,353,-0.39186102,-0.9474201,0.19216624,0.75179255,0.77596384,0.5555591
V364A,353,-0.6722502,-0.9750636,0.08471002,0.705274,0.710343,0.3028134
V364Y,353,-1.1655222,-1.0091492,0.14409547,0.67980677,0.6949106,-0.15637302
V364V,353,0.06831864,-0.8212175,0.0641902,0.63949233,0.64270586,0.88953614
V364W,353,-2.0,-1.0280122,0.11600031,0.7178525,0.7271645,-0.97198784
Q369H,358,0.027395017,-0.14934002,0.24118192,0.34508857,0.42101645,0.17673504
Q369F,358,0.04061955,-0.22671223,0.33474624,0.3965646,0.51895905,0.26733178
Q369D,358,-0.16320977,-0.21024726,0.17156415,0.36292496,0.4014334,0.047037497
Q369R,358,-0.0053096805,-0.13692884,0.29241952,0.3486701,0.45506045,0.13161916
Q369C,358,-0.10868204,-0.31238663,0.2750455,0.46200836,0.5376818,0.2037046
Q369T,358,0.054004375,-0.26173496,0.36726928,0.34412724,0.50329936,0.31573933
Q369G,358,-0.06128113,-0.20471366,0.26521993,0.35684276,0.44461036,0.14343253
Q369V,358,-0.057347927,-0.12696622,0.1628167,0.36240408,0.3972984,0.0696183
Q369I,358,-0.11624486,-0.24771062,0.20564362,0.40082392,0.45049873,0.13146576
Q369K,358,0.06658132,-0.2472991,0.18698692,0.3513157,0.39797843,0.3138804
Q369W,358,-0.062465787,-0.26939338,0.30348408,0.35967267,0.4706028,0.2069276
Q369S,358,0.13411523,-0.100680254,0.23417003,0.33718652,0.4105245,0.23479548
Q369E,358,-0.047521636,-0.18245505,0.2786197,0.45466655,0.5332453,0.13493341
Q369Y,358,0.04786441,-0.22270516,0.22523926,0.3227189,0.39354822,0.27056956
Q369Q,358,0.027833214,-0.2258668,0.19760707,0.38350138,0.43141845,0.25370002
Q369L,358,0.054722253,-0.17422228,0.28333366,0.32103285,0.42818224,0.22894453
Q369M,358,0.09220352,-0.21617346,0.12591657,0.35455903,0.37625402,0.30837697
Q369N,358,9.303577e-05,-0.16925244,0.28455624,0.364904,0.46273878,0.16934548
Q369P,358,-1.0985563,-0.32134447,0.30977327,0.3433209,0.46241617,-0.7772118
Q369A,358,-0.10085709,-0.21482375,0.22349374,0.38795105,0.44772252,0.113966666
E370N,359,-0.09900333,-0.23943225,0.17500359,0.3444644,0.38637027,0.14042892
E370H,359,-0.019125937,-0.2543909,0.43843892,0.39056817,0.58717304,0.23526496
E370R,359,-0.0936785,-0.16351657,0.17231433,0.34241778,0.38333037,0.06983807
E370Y,359,0.03233084,-0.27735752,0.21518,0.3328655,0.3963608,0.30968836
E370K,359,0.038223002,-0.23204783,0.24207574,0.32601395,0.40606126,0.27027082
E370V,359,0.01730299,-0.15877402,0.3210223,0.34089673,0.46825838,0.17607701
E370C,359,-0.1813293,-0.08748912,0.30747035,0.32071427,0.4442923,-0.093840174
E370M,359,0.02085821,-0.01872613,0.21871252,0.27699485,0.35293245,0.03958434
E370Q,359,-0.028678747,-0.16807082,0.24975961,0.34157583,0.42314762,0.13939208
E370A,359,-0.22455995,-0.32820767,0.14206845,0.37201828,0.39822236,0.103647724
E370D,359,-0.046820972,-0.15485825,0.23402075,0.3156371,0.3929281,0.10803728
E370E,359,0.016639555,-0.15863214,0.2516979,0.3326822,0.41716814,0.1752717
E370F,359,-0.0036748927,-0.14454599,0.20146693,0.34783494,0.40196776,0.1408711
E370T,359,-0.028571475,-0.2297786,0.25520518,0.34943718,0.4327078,0.20120713
E370G,359,-0.28983617,-0.037255026,0.33573708,0.38417318,0.5102043,-0.25258115
E370L,359,-0.04877107,-0.21610267,0.18344137,0.32124734,0.36993322,0.1673316
E370W,359,-0.1642291,-0.18736765,0.27956283,0.36838788,0.4624554,0.023138553
E370S,359,-0.06296684,-0.23935492,0.19648132,0.36427197,0.41388282,0.17638808
E370I,359,-0.16519997,-0.14812389,0.18385167,0.31524035,0.3649355,-0.017076075
E370P,359,-0.61665857,-0.28494138,0.2992569,0.41977474,0.5155245,-0.3317172
E397M,386,-0.9623693,-1.1634048,0.48894072,0.7521042,0.897064,0.2010355
E397W,386,-0.81458193,-1.0328094,0.11947472,0.72866356,0.73839337,0.21822745
E397T,386,-0.95441526,-1.0916353,0.11948196,0.72921866,0.7389423,0.13722008
E397Y,386,-0.9477418,-1.0534557,0.07201605,0.7767683,0.7800996,0.105713904
E397R,386,-0.97740334,-1.1679891,0.5160973,0.7848335,0.93931895,0.19058579
E397P,386,-1.098381,-1.2486789,0.72218764,0.7553172,1.0450163,0.15029788
E397K,386,-1.0322837,-1.0568446,0.08471411,0.77058434,0.77522683,0.024560928
E397Q,386,-1.0390155,-1.0497196,0.09897408,0.7625568,0.76895297,0.0107040405
E397C,386,-1.3327906,-1.0990692,0.29854533,0.7411355,0.79900634,-0.23372138
E397S,386,-0.8206806,-1.2008469,0.65622455,0.7576971,1.002365,0.3801663
E397N,386,-1.126135,-1.0651678,0.44635293,0.7764213,0.89557856,-0.060967207
E397A,386,-1.1876221,-0.99037117,0.07806564,0.73089415,0.73505133,-0.1972509
E397I,386,-0.85742855,-1.0618876,0.21588835,0.7189453,0.7506598,0.20445907
E397H,386,-0.955946,-0.9973202,0.15638784,0.72738105,0.74400294,0.041374147
E397G,386,-1.0368457,-1.1949881,0.6991533,0.77529097,1.0439787,0.15814245
E397V,386,-1.2939787,-1.2012625,0.40407923,0.7013135,0.80939525,-0.09271622
E397E,386,0.038589206,-0.985198,0.12463736,0.7711192,0.7811269,1.0237873
E397D,386,-0.66170454,-1.0182263,0.2503604,0.7772413,0.8165686,0.35652173
E397L,386,-0.98219717,-0.98688763,0.087205455,0.73290855,0.73807836,0.0046904683
E397F,386,-1.3200771,-1.0109148,0.068828195,0.7331423,0.73636603,-0.30916226
G398I,387,-2.0,-1.659943,0.67005986,0.7073945,0.97436494,-0.34005702
G398D,387,-2.0,-1.4668819,0.5139011,0.62106544,0.80611205,-0.5331181
G398T,387,-2.0,-1.4814671,0.5560143,0.6588594,0.8621181,-0.5185329
G398M,387,-2.0,-2.001725,0.74844444,0.49899673,0.899537,0.0017249584
G398C,387,-2.0,-1.5638438,0.36256522,0.6708079,0.76252,-0.43615615
G398V,387,-2.0,-1.4651444,0.4078069,0.69962645,0.8098047,-0.5348556
G398Y,387,-2.0,-2.111962,0.8365043,0.48096362,0.9649173,0.11196208
G398H,387,-1.4439476,-1.6837517,0.38501438,0.5306924,0.6556451,0.23980415
G398A,387,-2.0,-1.0339276,0.23078223,0.7465814,0.7814373,-0.96607244
G398R,387,-2.0,-2.1164901,0.8562428,0.52528703,1.0045288,0.116490126
G398F,387,-2.0,-1.2906946,0.40307185,0.71583265,0.8215128,-0.7093054
G398S,387,-2.0,-1.3599285,0.37407264,0.6941894,0.7885616,-0.6400715
G398L,387,-2.0,-2.3655264,1.0039648,0.47700045,1.1115191,0.36552644
G398P,387,-2.0,-1.722632,0.50892586,0.6477796,0.8237863,-0.27736795
G398W,387,-2.0,-1.6479104,0.5042166,0.5594832,0.7531639,-0.35208964
G398K,387,-2.0,-1.737052,0.5843233,0.671227,0.8899322,-0.26294804
G398G,387,0.029003888,-1.2283083,0.24749462,0.729119,0.7699793,1.2573122
G398N,387,-2.0,-1.5385216,0.44320387,0.574723,0.72576594,-0.46147835
G398E,387,-2.0,-1.6406893,0.53330797,0.6947334,0.87582636,-0.35931075
G398Q,387,-2.0,-1.3855814,0.5945723,0.6661495,0.8929005,-0.6144186
A399S,388,0.042798,-0.9347073,0.045742664,0.7869694,0.7882977,0.97750527
A399D,388,-0.29893652,-1.0378256,0.05185021,0.7756769,0.77740794,0.7388891
A399G,388,0.85932374,-1.0398026,0.053447623,0.7766845,0.77852136,1.8991263
A399I,388,-1.0199068,-0.949639,0.053252585,0.7809719,0.7827853,-0.07026774
A399V,388,-1.2982454,-0.9854075,0.04103848,0.74602014,0.74714804,-0.31283796
A399C,388,-0.61475205,-1.0373453,0.051381852,0.7725619,0.7742687,0.42259324
A399T,388,-1.0118583,-1.0465592,0.06593936,0.7853796,0.7881428,0.03470087
A399H,388,-0.5630895,-1.0571297,0.067659594,0.7764611,0.7794034,0.49404025
A399E,388,0.26786888,-0.99002266,0.04055954,0.7443321,0.7454363,1.2578915
A399R,388,-2.0,-1.1063335,0.14757346,0.7621058,0.77626234,-0.8936665
A399Y,388,-0.915917,-1.0747008,0.05387537,0.76407707,0.7659741,0.15878385
A399A,388,-0.16754828,-0.9398679,0.05099658,0.78269106,0.78435063,0.7723196
A399Q,388,-0.23266083,-1.0243711,0.12636845,0.73971444,0.7504309,0.7917103
A399N,388,-0.33121324,-1.0464875,0.045737848,0.7728012,0.77415353,0.7152742
A399K,388,-0.67825127,-1.0378021,0.053195298,0.77625483,0.7780754,0.35955083
A399M,388,-0.5699448,-0.9440322,0.06661076,0.7860637,0.7888809,0.3740874
A399W,388,-0.6209737,-1.0598468,0.06935336,0.7755139,0.7786088,0.43887305
A399P,388,-1.0233871,-0.9624672,0.052019097,0.7418817,0.74370325,-0.06091988
A399L,388,-1.1473749,-1.0578228,0.069786236,0.7762019,0.77933276,-0.089552045
A399F,388,-1.2812277,-1.0912646,0.3215303,0.78147805,0.8450383,-0.1899631
S400K,389,-0.15572178,-1.0527644,0.063229576,0.77211857,0.7747032,0.89704263
S400H,389,-0.3192631,-0.9357115,0.046722945,0.78647345,0.7878601,0.6164484
S400V,389,-0.8952343,-1.0814193,0.15492138,0.71638125,0.7329412,0.18618506
S400G,389,-0.3739039,-1.0391648,0.054579195,0.7778049,0.77971745,0.6652609
S400P,389,-2.0,-0.97816795,0.11871423,0.77515537,0.78419316,-1.021832
S400D,389,-0.17621458,-1.0705339,0.08770739,0.76503325,0.77004445,0.8943193
S400I,389,-1.2526315,-1.0678848,0.25969106,0.73425937,0.77883005,-0.18474674
S400L,389,-0.49793735,-0.9318426,0.049294867,0.78183585,0.7833883,0.43390527
S400S,389,-0.05398151,-0.98864144,0.046142317,0.74625206,0.7476772,0.93465996
S400E,389,-0.29899213,-1.0441825,0.16465206,0.7353254,0.7535342,0.7451904
S400A,389,-0.11663615,-0.9934479,0.04073767,0.74540544,0.7465178,0.87681174
S400Q,389,-0.20767961,-1.056225,0.06784327,0.7729636,0.7759352,0.8485453
S400N,389,-0.2015548,-1.0545815,0.06447102,0.7693139,0.7720106,0.85302675
S400M,389,-0.44207373,-1.0373464,0.06308293,0.7778584,0.78041214,0.59527266
S400F,389,-2.0,-1.0410345,0.060552016,0.7769207,0.7792768,-0.95896554
S400C,389,-0.6300216,-0.9910747,0.041417688,0.7432412,0.7443943,0.3610531
S400R,389,-0.3035242,-1.0214881,0.32850546,0.7884406,0.85413957,0.7179639
S400Y,389,-0.60381603,-1.053402,0.063560896,0.77741086,0.7800049,0.4495859
S400W,389,-0.3977147,-0.9543106,0.06272077,0.78176284,0.7842748,0.5565959
S400T,389,-0.2144266,-0.97365236,0.04749395,0.7381976,0.7397239,0.7592257
T401F,390,-1.2717599,-1.0430843,0.1705042,0.7289645,0.7486394,-0.2286756
T401D,390,-0.9425639,-1.1854117,0.23148565,0.7276493,0.76358306,0.2428478
T401E,390,-1.1120883,-1.1035202,0.22506656,0.7077103,0.74263644,-0.008568168
T401I,390,-2.0,-1.0382733,0.052926004,0.77595145,0.7777543,-0.96172667
T401A,390,-0.6403257,-0.9852471,0.04463414,0.74271,0.74404997,0.34492135
T401H,390,-1.10317,-0.9810549,0.14727297,0.781649,0.7954021,-0.122115135
T401R,390,-1.2220746,-1.1100404,0.2819851,0.7110404,0.76491445,-0.1120342
T401L,390,-1.1361883,-1.0764328,0.10259209,0.7639165,0.77077466,-0.059755445
T401V,390,-0.6525025,-1.011489,0.118141785,0.7317994,0.7412745,0.35898656
T401S,390,-0.8569821,-1.0473124,0.052375466,0.77034193,0.77212036,0.19033027
T401K,390,-0.83252424,-1.0248944,0.27255136,0.7767913,0.82321864,0.19237012
T401W,390,-1.2920244,-1.0236391,0.16918318,0.8340609,0.8510467,-0.2683853
T401T,390,0.05652683,-0.93836594,0.053275824,0.7690271,0.7708703,0.9948928
T401G,390,-2.0,-1.0595752,0.0629776,0.77014726,0.7727179,-0.9404248
T401Q,390,-0.8299633,-1.085678,0.14433074,0.7645394,0.7780436,0.25571465
T401N,390,-1.1077243,-1.0341743,0.05323067,0.76328975,0.7651436,-0.073549986
T401M,390,-0.89815193,-1.0280173,0.05173704,0.7719152,0.77364707,0.12986535
T401C,390,-0.6063891,-1.0960127,0.15525897,0.74967057,0.76557904,0.4896236
T401Y,390,-0.93290085,-0.98886937,0.0823223,0.7370725,0.7416555,0.055968523
T401P,390,-1.0999755,-0.9887767,0.14416046,0.78183085,0.7950105,-0.11119878
M402Y,391,-2.0,-1.658295,0.71387887,0.57743627,0.91818064,-0.34170496
M402N,391,-2.0,-1.9231846,0.51680595,0.7019265,0.8716589,-0.07681537
M402I,391,-2.0,-1.126736,0.22712857,0.7170761,0.75218713,-0.87326396
M402W,391,-2.0,-1.8782138,0.70649034,0.68789494,0.986067,-0.12178624
M402Q,391,-2.0,-1.5062164,0.3999628,0.6348413,0.7503291,-0.4937836
M402E,391,-2.0,-1.4762917,0.22608218,0.5640163,0.607641,-0.52370834
M402D,391,-2.0,-2.1737542,0.5466601,0.4364021,0.69948846,0.17375422
M402G,391,-2.0,-1.2180012,0.39758322,0.77251524,0.8688223,-0.78199875
M402A,391,-2.0,-1.6271334,0.48877114,0.7446185,0.89070415,-0.37286663
M402F,391,-2.0,-1.4569902,0.3000326,0.6069539,0.6770618,-0.54300976
M402S,391,-2.0,-1.7873805,0.60875696,0.5124442,0.7957286,-0.21261954
M402L,391,-2.0,-1.4803059,0.3850411,0.71178347,0.80925417,-0.5196941
M402P,391,-2.0,-1.4187148,0.35477173,0.5928683,0.69090945,-0.58128524
M402M,391,-0.0141844265,-1.2681317,0.28129375,0.67125434,0.72781074,1.2539473
M402K,391,-2.0,-1.6311417,0.49274442,0.71161425,0.86555874,-0.36885834
M402R,391,-2.0,-1.7398278,0.45844293,0.60071623,0.7556652,-0.26017225
M402C,391,-2.0,-1.8088515,0.54573804,0.51466584,0.7501406,-0.19114852
M402T,391,-2.0,-1.5940205,0.43364763,0.6489461,0.78050065,-0.4059795
M402H,391,-2.0,-1.5949587,0.3223125,0.5368062,0.626136,-0.40504134
M402V,391,-2.0,-1.3514293,0.35024384,0.7095128,0.79125166,-0.64857066
D403A,392,-0.23636432,-0.99772894,0.08511107,0.74055386,0.7454287,0.76136464
D403E,392,-1.0938793,-0.97956294,0.049572874,0.7459536,0.747599,-0.114316404
D403T,392,-1.112987,-1.0000329,0.048954066,0.74040085,0.7420175,-0.11295414
D403Y,392,-0.9127119,-0.9890687,0.03316505,0.7308967,0.7316488,0.07635677
D403F,392,-1.0309887,-1.074268,0.2714089,0.71883357,0.7683648,0.04327929
D403R,392,-1.2602806,-1.111533,0.32422134,0.71254194,0.7828381,-0.14874756
D403H,392,-0.92417645,-0.97307426,0.046070907,0.74610764,0.7475287,0.048897803
D403I,392,-1.0245749,-1.0776572,0.13529667,0.76324284,0.7751418,0.053082347
D403N,392,0.22583382,-1.0061873,0.22078863,0.7848965,0.8153589,1.2320211
D403M,392,-1.185088,-1.0492306,0.06938822,0.7663802,0.76951504,-0.13585746
D403P,392,-1.0444038,-1.0917753,0.11808689,0.7534166,0.7626146,0.047371507
D403W,392,-0.8126492,-1.0517682,0.072121516,0.765603,0.7689925,0.239119
D403G,392,-0.5665613,-0.9694689,0.059491027,0.74502933,0.74740076,0.4029076
D403K,392,-1.0134953,-0.9751374,0.04325636,0.7434986,0.74475586,-0.038357913
D403S,392,-0.1684837,-1.0463411,0.06688075,0.7663879,0.7693006,0.8778573
D403D,392,0.039799146,-1.029467,0.061495144,0.7741449,0.77658355,1.0692661
D403V,392,-1.318338,-1.0781089,0.109076895,0.76057416,0.7683559,-0.24022913
D403C,392,-1.0925142,-1.0549256,0.21557432,0.729784,0.76095796,-0.037588596
D403L,392,-0.9187437,-1.0202347,0.14259116,0.73551774,0.74921197,0.101490974
D403Q,392,-0.61349124,-1.0287557,0.05968454,0.77523005,0.77752423,0.41526443
R406K,395,-2.0,-1.2338483,0.20232393,0.71587175,0.74391353,-0.76615167
R406D,395,-2.0,-1.6145884,0.33221918,0.6880577,0.76406354,-0.38541162
R406I,395,-2.0,-1.2552098,0.18851894,0.6487134,0.6755505,-0.7447902
R406Y,395,-2.0,-1.2368308,0.30886602,0.7119654,0.7760753,-0.76316917
R406R,395,-0.03741273,-1.187951,0.17450741,0.70755273,0.7287549,1.1505382
R406E,395,-1.4587625,-1.4887549,0.39771792,0.68973035,0.7961831,0.029992342
R406M,395,-1.2700049,-1.4725162,0.27716887,0.5634544,0.6279358,0.20251131
R406L,395,-1.4140934,-1.5124003,0.5631151,0.6772992,0.8808138,0.098306894
R406W,395,-2.0,-1.3765843,0.3401071,0.67214745,0.75329614,-0.6234157
R406H,395,-1.460557,-1.4432791,0.5253929,0.7092763,0.88267237,-0.017277837
R406V,395,-2.0,-1.281257,0.2603846,0.6734081,0.72199625,-0.71874297
R406T,395,-2.0,-1.2852681,0.26084304,0.7028125,0.74965626,-0.71473193
R406A,395,-1.451685,-1.6915594,0.60815096,0.5771727,0.83843654,0.23987448
R406N,395,-1.4296436,-1.5037936,0.68430555,0.73629797,1.005191,0.074149966
R406C,395,-1.4554609,-1.1091624,0.09746429,0.732006,0.7384661,-0.34629846
R406G,395,-2.0,-1.4980042,0.6735235,0.73885953,0.9997736,-0.5019958
R406S,395,-2.0,-1.1595589,0.21102886,0.69534665,0.7266637,-0.8404411
R406Q,395,-2.0,-1.3305539,0.36936513,0.6783572,0.77239823,-0.6694461
R406F,395,-2.0,-1.1350735,0.18888895,0.7359564,0.75980973,-0.86492646
R406P,395,-2.0,-1.3584093,0.3207582,0.6487457,0.7237104,-0.6415907
S407D,396,-0.9492603,-0.98781264,0.07364133,0.7260611,0.72978616,0.038552344
S407M,396,-0.18026078,-1.0224627,0.0797956,0.752997,0.7572132,0.84220195
S407N,396,-0.11994113,-0.93498975,0.05105455,0.77896565,0.78063697,0.81504864
S407Q,396,0.19795707,-1.0309979,0.07394222,0.7566612,0.76026547,1.2289549
S407C,396,-0.2940858,-1.0531608,0.07351901,0.77246535,0.77595603,0.759075
S407V,396,-2.0,-0.9701056,0.05324654,0.73791957,0.7398382,-1.0298944
S407L,396,-0.96153027,-1.0511957,0.0660921,0.76640815,0.76925266,0.08966547
S407P,396,-1.063083,-1.0691437,0.11060415,0.75211734,0.76020634,0.0060606003
S407Y,396,-2.0,-0.9703499,0.03603941,0.72994727,0.7308364,-1.0296501
S407I,396,-0.025509844,-0.934329,0.047722124,0.7864721,0.78791857,0.90881914
S407K,396,-0.5728014,-0.9650017,0.04562115,0.73462605,0.73604125,0.3922003
S407E,396,-0.030051759,-1.0441006,0.057075616,0.76638985,0.76851225,1.0140489
S407A,396,-0.0010777545,-0.97519064,0.048919804,0.74553335,0.7471366,0.97411287
S407T,396,0.10120677,-1.0353451,0.057300836,0.7716328,0.77375746,1.1365519
S407G,396,-1.2017583,-1.0311667,0.058126338,0.7739118,0.7760916,-0.1705916
S407W,396,-1.0235544,-0.99921244,0.120315306,0.7697519,0.7790981,-0.024342
S407R,396,-1.188863,-1.0232563,0.062820286,0.75757515,0.7601753,-0.16560674
S407H,396,0.074366204,-0.96752626,0.06003087,0.73643637,0.738879,1.0418924
S407S,396,-0.0837408,-0.9507167,0.052337877,0.730198,0.7320713,0.8669759
S407F,396,-0.86316174,-1.0203713,0.05804669,0.76108044,0.76329076,0.15720958
A420G,409,-0.6384592,-1.0195161,0.20025176,0.7441435,0.7706168,0.3810569
A420Q,409,-2.0,-1.1509084,0.18512204,0.7228727,0.7462004,-0.84909165
A420N,409,-1.4054512,-1.3991024,0.23409857,0.60616416,0.64979774,-0.006348729
A420W,409,-2.0,-1.3399813,0.282327,0.6358869,0.69574475,-0.6600187
A420D,409,-1.4298024,-1.3554538,0.23525913,0.7069516,0.7450688,-0.07434857
A420T,409,0.0333626,-1.1696954,0.2636412,0.760139,0.8045608,1.203058
A420C,409,-0.56211,-1.2959218,0.2645251,0.7115601,0.7591385,0.7338118
A420A,409,-0.10514974,-0.98971605,0.038442556,0.7463787,0.74736804,0.8845663
A420Y,409,-2.0,-1.3600115,0.3143877,0.6135612,0.6894179,-0.63998854
A420R,409,-2.0,-1.3595905,0.26279947,0.60220647,0.65705115,-0.64040947
A420E,409,-1.4519536,-1.2505159,0.21413228,0.646571,0.6811069,-0.20143771
A420P,409,-2.0,-1.1394266,0.22768553,0.7530168,0.7866861,-0.8605734
A420H,409,-2.0,-1.555129,0.41128838,0.59409666,0.7225711,-0.44487095
A420S,409,0.30343315,-1.1524788,0.21009037,0.7608463,0.78931934,1.455912
A420I,409,-2.0,-1.4590548,0.33746222,0.7072989,0.78367877,-0.5409452
A420K,409,-2.0,-1.2481089,0.2793787,0.7050222,0.75835925,-0.75189114
A420L,409,-1.3660294,-1.3590859,0.28659418,0.6378071,0.6992382,-0.0069434643
A420M,409,-2.0,-1.2505878,0.216173,0.7305249,0.76183814,-0.7494122
A420V,409,-2.0,-1.1940209,0.2225125,0.7339802,0.76696724,-0.80597913
A420F,409,-2.0,-1.3694212,0.3051067,0.64202493,0.7108348,-0.63057876
F423P,412,-2.0,-2.052705,0.73271537,0.50872463,0.89200485,0.05270505
F423M,412,-2.0,-1.8011322,0.7102566,0.54879606,0.8975754,-0.1988678
F423C,412,-2.0,-2.2760055,0.7734201,0.5724957,0.96225256,0.2760055
F423V,412,-2.0,-1.8057822,0.60783225,0.6660879,0.90173894,-0.1942178
F423S,412,-2.0,-1.6771978,0.48304418,0.70190275,0.85205585,-0.3228022
F423K,412,-2.0,-2.0084403,1.1948986,0.5923526,1.3336657,0.008440256
F423I,412,-2.0,-1.9464282,0.63638735,0.61549604,0.88533854,-0.05357182
F423Y,412,-2.0,-2.0397902,0.78339136,0.6363778,1.0092962,0.039790154
F423R,412,-2.0,-1.947025,0.8113429,0.538186,0.9736126,-0.05297506
F423G,412,-2.0,-1.5266441,0.7164788,0.7296323,1.0225973,-0.4733559
F423E,412,-2.0,-1.4961585,0.57443845,0.677548,0.88828534,-0.5038415
F423W,412,-2.0,-1.7761908,0.4764099,0.66218626,0.81575555,-0.22380924
F423H,412,-2.0,-1.4011675,0.5429309,0.75205404,0.92755556,-0.5988325
F423N,412,-2.0,-1.4223937,0.36787477,0.6440161,0.74167955,-0.5776063
F423D,412,-2.0,-1.4550065,0.5856087,0.7102762,0.9205595,-0.5449935
F423A,412,-2.0,-1.5609263,0.4756694,0.633177,0.79194343,-0.43907368
F423T,412,-2.0,-1.8533604,0.5914123,0.5957018,0.8394219,-0.14663959
F423L,412,-2.0,-1.5417796,0.4654048,0.72137994,0.8584816,-0.45822036
F423Q,412,-2.0,-1.8114128,0.7665743,0.546227,0.94127584,-0.18858719
F423F,412,-0.28086048,-1.6732883,0.80212367,0.64146405,1.0270728,1.3924279
G424K,413,-2.0,-1.2322065,0.49683985,0.7130984,0.86911404,-0.76779354
G424P,413,-2.0,-1.8858292,0.75885373,0.7122552,1.0407529,-0.11417079
G424L,413,-2.0,-1.6426957,0.5284524,0.66064286,0.845997,-0.35730433
G424M,413,-1.5251354,-1.9128338,0.56064546,0.51731545,0.76284903,0.3876984
G424F,413,-2.0,-1.6582371,0.41458032,0.60964835,0.73725706,-0.3417629
G424S,413,-1.1435119,-1.3060433,0.31524217,0.66417944,0.73519516,0.16253138
G424N,413,-2.0,-1.4519079,0.36749426,0.5676815,0.67625016,-0.5480921
G424H,413,-2.0,-1.4524275,0.42439207,0.7032508,0.82138324,-0.5475725
G424A,413,-0.16663423,-1.2180297,0.19058083,0.69038326,0.71620536,1.0513955
G424G,413,0.0849857,-1.1145015,0.16794497,0.7855241,0.8032768,1.1994872
G424R,413,-2.0,-1.4963702,0.6331052,0.6856879,0.93326855,-0.5036298
G424V,413,-2.0,-1.8526516,0.6733894,0.6979497,0.9698387,-0.1473484
G424T,413,-2.0,-1.5448121,0.5714657,0.7026529,0.90570086,-0.45518792
G424Q,413,-2.0,-1.5246965,0.44181046,0.626403,0.7665358,-0.47530353
G424I,413,-2.0,-1.8715107,0.4516099,0.5731775,0.729715,-0.12848926
G424Y,413,-2.0,-1.4024196,0.5333099,0.684629,0.86783427,-0.59758043
G424D,413,-2.0,-1.5260199,0.3912028,0.5834984,0.70250267,-0.47398007
G424E,413,-2.0,-1.6494074,0.56854653,0.78477275,0.96907866,-0.3505926
G424C,413,-2.0,-1.7343019,0.857152,0.69287795,1.1021749,-0.26569808
G424W,413,-2.0,-1.3591822,0.36816207,0.6512962,0.74815106,-0.64081776
S425W,414,-2.0,-1.409816,0.3969063,0.62114525,0.7371269,-0.590184
S425T,414,-2.0,-1.2344693,0.3327965,0.66560066,0.74416244,-0.7655307
S425G,414,-2.0,-1.1888644,0.6735104,0.7878876,1.0365245,-0.81113565
S425Q,414,-2.0,-1.5006694,0.5039608,0.5878911,0.77433354,-0.49933064
S425K,414,-2.0,-1.4549688,0.3645631,0.7161613,0.80361265,-0.5450312
S425C,414,-2.0,-1.4483938,0.41176897,0.7076591,0.81873995,-0.5516062
S425D,414,-2.0,-1.7690495,0.8553842,0.5509563,1.017465,-0.23095047
S425Y,414,-2.0,-1.6949818,0.6875017,0.55027205,0.8806009,-0.3050182
S425M,414,-2.0,-1.1593918,0.44850257,0.7514623,0.8751286,-0.84060824
S425V,414,-2.0,-1.2941312,0.2258703,0.6840541,0.72038,-0.70586884
S425R,414,-2.0,-1.808041,0.5802782,0.62297785,0.8513661,-0.19195902
S425F,414,-2.0,-1.5195467,0.45285672,0.68485147,0.8210364,-0.48045325
S425N,414,-2.0,-1.6216773,0.8605363,0.7217932,1.1231688,-0.37832272
S425H,414,-2.0,-1.4993978,0.34414083,0.5931442,0.68574995,-0.50060225
S425P,414,-2.0,-1.3701347,0.53246427,0.73087233,0.9042636,-0.6298653
S425E,414,-2.0,-1.3392338,0.40912992,0.6875191,0.80004364,-0.66076624
S425I,414,-2.0,-1.3967578,0.35333452,0.66347927,0.7516981,-0.60324216
S425A,414,0.20816472,-1.184151,0.27124527,0.74343574,0.79137266,1.3923157
S425S,414,0.040447935,-1.3736433,0.34683454,0.5836929,0.6789636,1.4140912
S425L,414,-2.0,-1.9661769,0.5806801,0.47212622,0.7483933,-0.033823133
M426D,415,-2.0,-1.4096873,0.3334134,0.63996655,0.7216105,-0.5903127
M426C,415,-1.2258095,-1.2774683,0.31752768,0.6889599,0.75861025,0.05165887
M426V,415,-2.0,-1.7443459,0.52308995,0.5391841,0.7512274,-0.2556541
M426A,415,-1.682228,-1.3204247,0.28475094,0.7061188,0.76137173,-0.3618033
M426T,415,-2.0,-1.7284176,0.642545,0.6841211,0.93855506,-0.27158237
M426G,415,-2.0,-1.5272956,0.51275015,0.7016372,0.8690268,-0.4727044
M426I,415,-1.2134483,-1.4212137,0.4773098,0.6988637,0.84630674,0.20776546
M426E,415,-2.0,-1.2518741,0.19438902,0.73174375,0.7571235,-0.7481259
M426H,415,-1.5368161,-1.4621333,0.30997628,0.59185773,0.66811746,-0.07468283
M426M,415,0.005211577,-1.0371284,0.17532443,0.71884394,0.73991567,1.04234
M426R,415,-2.0,-1.4795331,0.24588458,0.57055265,0.62128055,-0.5204669
M426W,415,-2.0,-1.5199846,0.42990944,0.69333076,0.8158,-0.4800154
M426Q,415,-2.0,-1.3898371,0.46347743,0.7150211,0.85209537,-0.61016285
M426F,415,-2.0,-1.5531043,0.39883688,0.59676653,0.71777517,-0.44689572
M426P,415,-2.0,-1.5335673,0.3285035,0.53549004,0.628223,-0.4664327
M426L,415,-2.0,-1.5734444,0.37454084,0.6939634,0.7885849,-0.42655563
M426N,415,-2.0,-1.458738,0.47282946,0.6947084,0.8403496,-0.54126203
M426S,415,-2.0,-1.3903936,0.469693,0.6887006,0.83361864,-0.6096064
M426K,415,-2.0,-1.3974138,0.32122186,0.65691054,0.73124206,-0.60258615
M426Y,415,-2.0,-1.9679002,0.6731194,0.48506796,0.8296871,-0.032099843
G427Y,416,-2.0,-1.4560924,0.41682976,0.61996126,0.74706024,-0.54390764
G427V,416,-2.0,-1.7861004,1.0972117,0.7070656,1.3053027,-0.21389961
G427C,416,-2.0,-1.435166,0.52876055,0.7053838,0.8815634,-0.564834
G427S,416,-2.0,-1.1732353,0.32132643,0.75796014,0.82325834,-0.8267647
G427K,416,-2.0,-2.031138,0.544046,0.7122022,0.8962243,0.031137943
G427W,416,-2.0,-1.6678389,0.57977927,0.52969646,0.7853167,-0.33216107
G427Q,416,-2.0,-1.4639528,0.34913453,0.6680911,0.75381744,-0.5360472
G427D,416,-2.0,-1.6013573,0.41711685,0.59162176,0.72388035,-0.39864266
G427L,416,-2.0,-1.698952,0.5004614,0.642523,0.8144307,-0.30104804
G427E,416,-2.0,-2.0399673,0.60330147,0.45746994,0.75713366,0.0399673
G427G,416,-0.18959281,-1.4966062,0.5951924,0.7309856,0.9426526,1.3070134
G427R,416,-2.0,-2.112683,0.7155263,0.6786281,0.9861612,0.11268306
G427M,416,-2.0,-1.4296755,0.5704648,0.6979625,0.90143317,-0.57032454
G427P,416,-2.0,-1.5560417,0.432956,0.65069485,0.7815719,-0.44395828
G427H,416,-2.0,-1.3576853,0.34543398,0.6962634,0.77724344,-0.6423147
G427F,416,-2.0,-1.5448753,0.4645949,0.67937964,0.82304627,-0.45512474
G427I,416,-2.0,-1.4911298,0.5491761,0.693046,0.8842551,-0.50887024
G427A,416,-2.0,-1.3687409,0.3219884,0.6642942,0.7382163,-0.6312591
G427T,416,-2.0,-1.5192356,0.67669797,0.70800215,0.979381,-0.4807644
G427N,416,-2.0,-1.9970669,0.49235544,0.6961253,0.8526455,-0.0029331446
G431L,420,-2.0,-1.3586632,0.38778287,0.72379565,0.82113075,-0.6413368
G431Q,420,-2.0,-1.5144228,0.33805877,0.57774836,0.6693855,-0.48557723
G431F,420,-2.0,-1.570022,0.52185893,0.5776465,0.7784679,-0.429978
G431N,420,-2.0,-2.0041127,0.83625054,0.6469219,1.0572715,0.0041127205
G431I,420,-2.0,-1.436172,0.47930375,0.6719864,0.8254077,-0.563828
G431C,420,-1.6443604,-1.489677,0.4964647,0.6201376,0.79438514,-0.15468347
G431M,420,-1.5086949,-1.606926,0.4397764,0.6787984,0.8088081,0.09823108
G431D,420,-2.0,-1.8106431,0.7259928,0.57990146,0.929167,-0.18935692
G431Y,420,-2.0,-1.7879595,0.5475949,0.52993375,0.7620301,-0.21204054
G431V,420,-2.0,-1.8707176,0.62349635,0.5412168,0.8256291,-0.12928236
G431W,420,-2.0,-1.4199561,0.49261078,0.66157097,0.8248282,-0.5800439
G431R,420,-2.0,-1.7102442,0.5136298,0.5378454,0.74370235,-0.28975582
G431K,420,-2.0,-1.3587936,0.44718805,0.68406737,0.817267,-0.6412064
G431P,420,-2.0,-1.253879,0.32347718,0.7144676,0.784284,-0.74612105
G431A,420,-2.0,-1.2954613,0.23044136,0.6315775,0.6723045,-0.7045387
G431T,420,-2.0,-1.4133375,0.3046525,0.59679824,0.67006063,-0.58666253
G431S,420,-2.0,-1.5017084,0.87079424,0.741405,1.1436626,-0.4982916
G431E,420,-2.0,-1.4641865,0.53063685,0.65370023,0.8419617,-0.53581345
G431H,420,-2.0,-1.4206699,0.3420906,0.6659922,0.74871325,-0.5793301
G431G,420,0.13252158,-1.1801866,0.17572577,0.69711435,0.71892136,1.3127083
F432L,421,-2.0,-1.5619018,0.39286205,0.6574116,0.7658528,-0.4380982
F432D,421,-2.0,-1.5670946,0.4557728,0.65608764,0.79886156,-0.43290544
F432T,421,-2.0,-1.7214689,0.734151,0.6603596,0.98744744,-0.27853107
F432Y,421,-0.19573344,-1.2594407,0.38889393,0.6662917,0.77148116,1.0637072
F432R,421,-2.0,-1.724699,0.63792,0.65780914,0.9163268,-0.27530098
F432C,421,-2.0,-1.8348856,0.79650575,0.64715236,1.0262687,-0.1651144
F432H,421,-2.0,-1.7605298,0.5866353,0.55380726,0.8067486,-0.23947024
F432N,421,-2.0,-1.6748909,0.67417026,0.69277126,0.96666306,-0.32510912
F432I,421,-2.0,-1.4088324,0.20958245,0.67411995,0.705948,-0.59116757
F432A,421,-2.0,-1.5221342,0.5175121,0.58756804,0.78297824,-0.47786582
F432F,421,0.16987893,-1.5011643,0.48100206,0.6981986,0.84784687,1.6710433
F432P,421,-2.0,-2.015859,0.59502757,0.6793637,0.9031018,0.015858889
F432G,421,-2.0,-1.2903718,0.1349673,0.6441937,0.6581806,-0.7096282
F432M,421,-0.13334678,-1.2024173,0.2300208,0.73253834,0.7678033,1.0690705
F432S,421,-2.0,-1.2626592,0.20556715,0.6500762,0.6818042,-0.7373408
F432W,421,-2.0,-2.0619032,0.5925462,0.44954842,0.7437774,0.06190324
F432E,421,-2.0,-1.491037,0.49695712,0.5727729,0.75831074,-0.508963
F432Q,421,-2.0,-1.243705,0.22352144,0.7019983,0.73672485,-0.75629497
F432V,421,-2.0,-1.3210944,0.314154,0.65777725,0.728947,-0.6789056
F432K,421,-2.0,-1.5935438,0.661457,0.5982928,0.8918967,-0.40645623
G451K,440,-2.0,-1.6096073,0.5079373,0.6479764,0.8233309,-0.39039266
G451S,440,0.032019444,-1.1322477,0.35342702,0.7472356,0.82660246,1.1642672
G451Y,440,-2.0,-1.282751,0.29850736,0.74051076,0.7984127,-0.71724904
G451G,440,-0.0025886018,-1.28273,0.37865183,0.71108353,0.8056159,1.2801414
G451A,440,0.06616843,-1.173301,0.17490365,0.729113,0.749798,1.2394694
G451V,440,-2.0,-1.5891622,0.46268943,0.70872116,0.84638476,-0.41083777
G451E,440,-2.0,-1.4172536,0.39524487,0.69080055,0.7958793,-0.5827464
G451Q,440,-2.0,-1.5022024,0.3577253,0.6137478,0.7103898,-0.4977976
G451F,440,-2.0,-1.5123733,0.39864382,0.68135995,0.7894101,-0.48762667
G451I,440,-2.0,-1.3277168,0.4572282,0.665659,0.80756396,-0.6722832
G451R,440,-2.0,-1.516513,0.44078755,0.6172683,0.7584945,-0.483487
G451H,440,-2.0,-1.4332694,0.4266262,0.6025532,0.7382955,-0.5667306
G451N,440,-1.6585313,-1.3346018,0.3728806,0.67188865,0.76842326,-0.32392955
G451M,440,-2.0,-1.3274926,0.4593738,0.7283231,0.8610917,-0.6725074
G451P,440,-2.0,-1.5962789,0.51460546,0.54026353,0.74612564,-0.4037211
G451W,440,-2.0,-1.5212144,0.5338923,0.600054,0.80318475,-0.47878563
G451C,440,-1.239925,-1.405892,0.23741299,0.5848117,0.63116527,0.16596699
G451D,440,-2.0,-1.8363825,0.78956515,0.56902844,0.9732453,-0.16361749
G451L,440,-2.0,-1.3869873,0.39605877,0.65967023,0.7694332,-0.6130127
G451T,440,-2.0,-1.2444499,0.3522563,0.74596745,0.82495576,-0.75555015
A452R,441,-2.0,-2.10739,0.6221282,0.47213724,0.7809975,0.10738993
A452C,441,-2.0,-1.3991159,0.4342837,0.71448326,0.83611524,-0.6008841
A452I,441,-2.0,-1.7310385,0.6537302,0.6499588,0.92185116,-0.26896155
A452Q,441,-2.0,-1.3878988,0.42966402,0.6909654,0.8136611,-0.6121012
A452F,441,-2.0,-1.667756,0.52514464,0.65659,0.8407659,-0.33224404
A452E,441,-2.0,-1.919968,0.63764507,0.5853026,0.8655463,-0.08003199
A452H,441,-2.0,-1.6258688,0.44812176,0.5736196,0.7279097,-0.3741312
A452W,441,-2.0,-1.629592,0.5517213,0.68141913,0.87677157,-0.37040806
A452Y,441,-2.0,-2.1128366,0.7226159,0.692795,1.0010687,0.1128366
A452A,441,-0.061222337,-1.2535497,0.14837404,0.65114594,0.6678367,1.1923274
A452P,441,-2.0,-1.5931624,0.5833806,0.70021105,0.91138816,-0.40683758
A452M,441,-2.0,-1.6397889,0.39968544,0.68441343,0.7925719,-0.36021113
A452T,441,-2.0,-1.5445775,0.37715504,0.5352647,0.65479326,-0.45542252
A452S,441,-2.0,-1.375043,0.30968633,0.64387816,0.7144822,-0.62495697
A452V,441,-2.0,-1.5589322,0.3631648,0.52553976,0.63881195,-0.4410678
A452L,441,-2.0,-1.8552341,0.5527043,0.53041357,0.7660422,-0.14476585
A452D,441,-2.0,-1.5773953,0.3889017,0.5283443,0.6560428,-0.42260468
A452G,441,-2.0,-1.3891362,0.4170856,0.7043127,0.8185455,-0.6108638
A452N,441,-2.0,-1.82835,0.328735,0.687074,0.7616675,-0.17165005
A452K,441,-2.0,-1.5823202,0.37619966,0.6477912,0.7491059,-0.4176798
F455A,444,-2.0,-1.4956235,0.51322114,0.70885974,0.8751446,-0.50437653
F455C,444,-2.0,-1.393592,0.3491845,0.6046532,0.6982373,-0.606408
F455Y,444,-2.0,-1.159956,0.22788553,0.7473545,0.7813261,-0.840044
F455R,444,-2.0,-1.8380419,0.40725988,0.6459601,0.7636263,-0.1619581
F455T,444,-2.0,-1.4555346,0.4007879,0.68405396,0.79281825,-0.5444654
F455I,444,-2.0,-1.5291487,0.49947318,0.6840597,0.84700125,-0.4708513
F455K,444,-2.0,-1.6852165,0.4870713,0.66166955,0.8216113,-0.31478345
F455V,444,-2.0,-1.2901548,0.26747432,0.71419084,0.76263434,-0.7098452
F455P,444,-2.0,-1.5356327,0.5007676,0.5720096,0.7602389,-0.46436727
F455S,444,-2.0,-1.4709411,0.3786245,0.66648793,0.7665264,-0.52905893
F455Q,444,-2.0,-1.2932093,0.20988259,0.69449353,0.72551495,-0.7067907
F455D,444,-2.0,-1.674815,0.5800192,0.55310524,0.801466,-0.32518494
F455W,444,-2.0,-1.9061304,0.73241246,0.6666134,0.99035424,-0.09386957
F455M,444,-0.12651698,-1.2232175,0.17560548,0.708727,0.7301584,1.0967005
F455F,444,0.022294244,-1.2395403,0.35789457,0.70088583,0.7869749,1.2618346
F455N,444,-2.0,-1.8606207,0.6156257,0.497738,0.7916679,-0.13937926
F455E,444,-2.0,-1.668656,0.5968775,0.6667224,0.89486396,-0.331344
F455H,444,-2.0,-1.3099054,0.24313629,0.68706536,0.72881687,-0.6900946
F455G,444,-2.0,-1.7571001,0.5155339,0.66306174,0.8398965,-0.2428999
F455L,444,-2.0,-1.32219,0.3044551,0.63529956,0.7044845,-0.67780995
I480A,469,-2.0,-1.8601872,0.47030777,0.4903368,0.67942595,-0.13981283
I480I,469,-2.0,-1.49611,0.6049525,0.7082351,0.9314314,-0.50389004
I480F,469,-0.73877287,-1.7422453,0.6657384,0.665858,0.94158083,1.0034724
I480L,469,-2.0,-1.3881686,0.61885023,0.74540365,0.96881485,-0.6118314
I480P,469,-2.0,-1.4173788,0.5586394,0.7188052,0.91036195,-0.5826212
I480S,469,-2.0,-1.2507572,0.33992484,0.69370717,0.7725144,-0.7492428
I480H,469,-2.0,-1.2715511,0.29134953,0.7339341,0.7896479,-0.72844887
I480G,469,-2.0,-2.1294966,0.7217488,0.66345245,0.9803522,0.12949657
I480E,469,-2.0,-1.7345546,0.5146439,0.71430933,0.8803955,-0.26544535
I480K,469,-2.0,-1.6317319,0.5516043,0.68371695,0.87848514,-0.36826813
I480R,469,-2.0,-2.2101746,0.678844,0.6794833,0.96048254,0.21017456
I480V,469,-2.0,-1.7375399,0.7225365,0.6634496,0.9809303,-0.2624601
I480Q,469,-2.0,-1.2634891,0.3484153,0.711913,0.7925991,-0.7365109
I480C,469,-2.0,-1.3924,0.38475025,0.9059014,0.9842205,-0.6076
I480D,469,-2.0,-1.6912035,0.6777558,0.55231655,0.8743034,-0.30879653
I480M,469,-0.62372404,-1.6413754,0.5017285,0.7087848,0.8683936,1.0176513
I480Y,469,-2.0,-1.260006,0.21562499,0.6332396,0.66894436,-0.73999405
I480N,469,-1.335916,-1.7904762,0.45108432,0.53692394,0.70125914,0.45456016
I480W,469,-2.0,-1.5610589,0.43239185,0.60274094,0.7417947,-0.43894112
I480T,469,-1.576094,-1.6512085,0.3898273,0.5051588,0.63808364,0.07511449
G481W,470,-2.0,-1.4045396,0.3475437,0.63187355,0.7211455,-0.5954604
G481T,470,-0.45526457,-1.1506584,0.3129432,0.75088257,0.81348515,0.6953938
G481S,470,-0.6040385,-1.1186414,0.2753526,0.739734,0.7893196,0.5146029
G481Y,470,-2.0,-1.1909131,0.24230991,0.6740178,0.71625,-0.8090869
G481P,470,-2.0,-1.1772751,0.20978259,0.6947678,0.7257486,-0.82272494
G481F,470,-2.0,-1.1438574,0.34905022,0.75315547,0.830108,-0.85614264
G481V,470,-2.0,-1.1816796,0.16311346,0.73130983,0.74927974,-0.8183204
G481Q,470,-1.0485022,-1.1964617,0.20437053,0.73396933,0.76189125,0.14795947
G481L,470,-1.5354985,-1.1970828,0.2615386,0.7275838,0.7731628,-0.33841574
G481C,470,-2.0,-1.3616604,0.50846,0.716818,0.8788399,-0.63833964
G481M,470,-1.1849315,-1.1026646,0.17995033,0.689373,0.7124727,-0.08226693
G481I,470,-2.0,-1.047465,0.12723032,0.71204436,0.72332203,-0.95253503
G481R,470,-2.0,-1.2602917,0.20298906,0.70930463,0.73777884,-0.7397083
G481N,470,0.02513698,-1.0719513,0.1867154,0.71887624,0.74272853,1.0970882
G481D,470,-0.7471762,-1.1900406,0.2583112,0.7189888,0.7639827,0.44286442
G481H,470,-0.378917,-1.2201769,0.45137396,0.7477909,0.87345845,0.84125996
G481E,470,-0.4662004,-1.2215084,0.23704801,0.72643757,0.76413566,0.755308
G481G,470,-0.2504217,-1.029724,0.12139509,0.7118691,0.72214574,0.7793023
G481A,470,-0.614237,-0.9935915,0.0704344,0.73027694,0.7336657,0.37935448
G481K,470,-2.0,-1.2025383,0.5163423,0.7686544,0.92598,-0.79746175
P494Y,483,-2.0,-2.4627104,0.7608702,0.45148164,0.8847368,0.46271038
P494P,483,0.06125803,-1.5148286,0.6545924,0.65999365,0.92956054,1.5760866
P494K,483,-2.0,-1.668177,0.65101326,0.66217047,0.92859465,-0.331823
P494N,483,-2.0,-2.0426154,0.8157667,0.5345031,0.97527885,0.042615414
P494V,483,-2.0,-1.5252475,0.38548917,0.70599717,0.8043842,-0.47475255
P494L,483,-2.0,-1.5219915,0.416587,0.7003625,0.814894,-0.4780085
P494C,483,-2.0,-1.8199326,0.56492364,0.5952041,0.82061356,-0.18006742
P494I,483,-2.0,-1.7480825,0.667766,0.65756047,0.9371751,-0.25191748
P494W,483,-2.0,-1.8513771,0.7130443,0.6445649,0.9611951,-0.14862287
P494S,483,-2.0,-1.7780405,0.35025084,0.6284421,0.7194547,-0.22195947
P494Q,483,-2.0,-1.4570181,0.3421003,0.6836924,0.76450497,-0.54298186
P494H,483,-2.0,-1.8604225,0.78957325,0.6151988,1.0009472,-0.13957751
P494E,483,-2.0,-1.2239277,0.3019888,0.6991749,0.7616054,-0.77607226
P494G,483,-2.0,-1.546323,0.45770591,0.64226276,0.7886673,-0.45367706
P494D,483,-2.0,-1.8644323,0.7158251,0.5888157,0.92688155,-0.13556767
P494M,483,-2.0,-1.4741153,0.35655257,0.65000975,0.7413787,-0.52588475
P494T,483,-2.0,-1.8526951,0.508459,0.5351701,0.7381988,-0.14730489
P494F,483,-2.0,-1.8366207,0.68897545,0.57216495,0.89557797,-0.16337931
P494R,483,-2.0,-1.6942894,0.3924934,0.6974911,0.8003405,-0.30571055
P494A,483,-1.6311804,-1.7976824,0.5923918,0.6418218,0.8734205,0.166502
V495Q,484,-2.0,-1.2225422,0.2270518,0.6713659,0.70872045,-0.77745783
V495C,484,-2.0,-1.4180224,0.53976077,0.70824856,0.8904817,-0.5819776
V495W,484,-2.0,-1.3668212,0.41681814,0.6867107,0.8033112,-0.63317883
V495K,484,-2.0,-1.6822504,0.5912783,0.66906893,0.892896,-0.31774962
V495Y,484,-2.0,-1.731932,0.35987115,0.68105954,0.77029175,-0.26806796
V495N,484,-2.0,-1.4606838,0.56275976,0.7131024,0.90841264,-0.5393162
V495P,484,-0.24861507,-1.4181919,0.32599202,0.6922455,0.7651631,1.1695769
V495A,484,-0.14329073,-1.3871318,0.36652106,0.6734822,0.7667567,1.243841
V495G,484,-2.0,-1.1891823,0.2033563,0.7228836,0.7509424,-0.8108177
V495I,484,-0.104066074,-1.5319439,0.3553222,0.64701915,0.7381651,1.4278779
V495D,484,-2.0,-1.3259095,0.30016163,0.6987468,0.7604894,-0.6740905
V495V,484,-0.056254078,-1.6337508,0.62370235,0.7010429,0.93833137,1.5774968
V495L,484,-2.0,-1.283308,0.29575643,0.7124945,0.7714404,-0.716692
V495F,484,-2.0,-1.4571279,0.4564102,0.6461879,0.79111886,-0.5428721
V495S,484,-0.883043,-1.2273757,0.2695581,0.69107765,0.74178827,0.34433275
V495R,484,-2.0,-1.4697608,0.6788352,0.7512754,1.0125374,-0.5302392
V495E,484,-2.0,-1.7588543,0.6777943,0.62279034,0.9204743,-0.24114573
V495M,484,-2.0,-1.3749671,0.31403598,0.70004463,0.76725554,-0.6250329
V495T,484,-2.0,-1.3161672,0.35902983,0.68615663,0.7744116,-0.68383276
V495H,484,-2.0,-1.2767321,0.2724124,0.6841223,0.73636395,-0.7232679
G496L,485,-2.0,-1.7272255,0.68037814,0.63497114,0.9306465,-0.27277446
G496A,485,-0.68972486,-1.229694,0.28780773,0.67054063,0.7296972,0.53996915
G496D,485,-0.7258973,-1.7368956,0.7169362,0.65385985,0.97032475,1.0109982
G496I,485,-2.0,-1.6375201,0.5089369,0.62781006,0.8081845,-0.36247993
G496G,485,0.11516623,-1.2886508,0.29632884,0.6374013,0.7029162,1.4038169
G496M,485,-2.0,-1.3461884,0.330741,0.6145194,0.69787085,-0.6538116
G496Q,485,-2.0,-1.5060297,0.54321027,0.67974895,0.8701356,-0.49397027
G496S,485,-0.9935703,-1.4246339,0.31462577,0.6632146,0.7340593,0.43106353
G496E,485,-2.0,-1.6149734,0.40352103,0.6012322,0.72409207,-0.38502657
G496N,485,-2.0,-1.8890301,0.72665375,0.5720716,0.92481977,-0.1109699
G496H,485,-2.0,-1.5590813,0.8334955,0.6921059,1.0833861,-0.44091868
G496V,485,-2.0,-1.4809927,0.31144658,0.5756048,0.6544615,-0.5190073
G496P,485,-2.0,-1.5885065,0.54711735,0.6961698,0.88543195,-0.41149354
G496T,485,-2.0,-1.6513866,0.63205457,0.70379025,0.9459459,-0.34861338
G496Y,485,-2.0,-1.5713236,0.7427101,0.6823166,1.0085505,-0.42867637
G496C,485,-2.0,-1.3910809,0.37839043,0.70537335,0.8004567,-0.60891914
G496F,485,-2.0,-1.2604164,0.27936494,0.7289927,0.7806889,-0.7395836
G496R,485,-2.0,-1.3262147,0.4248568,0.6608546,0.7856412,-0.6737853
G496K,485,-2.0,-1.556894,0.45822415,0.5966613,0.75231254,-0.44310606
G496W,485,-2.0,-1.794444,0.61022377,0.63805175,0.88288337,-0.20555604
M498S,487,-2.0,-1.3561229,0.36438078,0.6982901,0.7876436,-0.64387715
M498G,487,-2.0,-1.3691542,0.3196861,0.7072181,0.7761164,-0.6308458
M498I,487,-0.6255492,-1.2757329,0.2609833,0.71884716,0.76475716,0.6501837
M498M,487,0.003429342,-1.1612692,0.23657355,0.72020704,0.7580668,1.1646985
M498D,487,-2.0,-1.2002618,0.19561622,0.6902646,0.7174475,-0.79973817
M498A,487,-1.6666926,-1.2588681,0.30756193,0.7023826,0.76676965,-0.40782452
M498L,487,-0.00051660533,-1.0813317,0.22073708,0.7114762,0.74493176,1.0808151
M498V,487,-2.0,-1.0637915,0.1052299,0.7491262,0.75648093,-0.9362085
M498H,487,-0.40652126,-1.3336333,0.4982214,0.7722051,0.9189806,0.92711204
M498E,487,-1.5307405,-1.4415638,0.4593642,0.7005878,0.8377582,-0.089176655
M498T,487,-2.0,-1.3302891,0.4872571,0.6870062,0.8422571,-0.6697109
M498K,487,-2.0,-1.2420304,0.29417244,0.64879066,0.712367,-0.7579696
M498F,487,-0.08529094,-1.2603374,0.2845113,0.7320145,0.785361,1.1750464
M498Q,487,-0.8237609,-1.3341658,0.5070617,0.7161201,0.877462,0.5104049
M498P,487,-2.0,-1.2651061,0.31113452,0.6148639,0.6891025,-0.7348939
M498Y,487,-0.16605897,-1.3800396,0.3943739,0.6291168,0.7425084,1.2139806
M498R,487,-2.0,-1.3335508,0.4947541,0.6384511,0.8077137,-0.6664492
M498C,487,-1.3052897,-1.4187778,0.37431344,0.6047852,0.7112494,0.11348808
M498W,487,-2.0,-1.2285908,0.25718555,0.69196385,0.73821294,-0.77140915
M498N,487,-2.0,-1.367764,0.45467225,0.61295825,0.7631806,-0.632236
R550A,539,-0.46876007,-0.8317596,0.12773266,0.60657245,0.6198756,0.3629995
R550D,539,-2.0,-0.95510685,0.13555393,0.7242142,0.7367911,-1.0448931
R550Q,539,-0.21200776,-0.905995,0.14928636,0.6837123,0.69982064,0.69398725
R550H,539,-0.7673357,-0.593111,0.2675915,0.52521336,0.5894525,-0.17422473
R550F,539,-0.7416705,-0.9348807,0.062052306,0.6903473,0.6931305,0.19321018
R550C,539,-0.92039114,-0.56027305,0.20222779,0.517374,0.55549246,-0.3601181
R550I,539,-0.068571,-0.9523531,0.11694527,0.668584,0.67873466,0.88378215
R550W,539,-1.3118665,-0.82516044,0.2506146,0.5991857,0.64948535,-0.48670608
R550S,539,-0.78003913,-0.8144679,0.11583883,0.63156897,0.6421044,0.034428775
R550V,539,-0.2629507,-0.9085173,0.15491399,0.68200815,0.69938076,0.6455666
R550T,539,-0.25238138,-0.67027926,0.1851751,0.643325,0.66944516,0.41789788
R550E,539,-0.8652889,-0.93135434,0.18174279,0.70998734,0.7328796,0.06606543
R550N,539,-1.1103977,-0.79969406,0.17218603,0.54498565,0.5715395,-0.31070364
R550M,539,-0.23759511,-0.7912729,0.1340083,0.61856794,0.63291746,0.5536778
R550K,539,-0.8617448,-0.9370519,0.08770828,0.6802867,0.68591744,0.07530707
R550L,539,-0.27390957,-1.0808802,0.28434685,0.53534013,0.6061701,0.8069706
R550G,539,-0.62050486,-0.73427665,0.2275294,0.5788098,0.6219248,0.113771796
R550Y,539,-1.2861223,-0.6885334,0.1342846,0.6080247,0.62267685,-0.5975889
R550R,539,-0.048711013,-0.8601872,0.12694846,0.6388434,0.65133464,0.8114762
R550P,539,-0.6945336,-0.96048206,0.24738489,0.7752757,0.8137885,0.26594847
K551T,540,-1.2535117,-0.9886309,0.115961,0.6788403,0.68867344,-0.26488078
K551A,540,-1.1909592,-1.0602913,0.2648419,0.64020795,0.69282573,-0.13066792
K551D,540,-2.0,-1.1004866,0.12403458,0.7328649,0.74328697,-0.89951336
K551Y,540,-1.5930299,-1.1179184,0.1049786,0.63650715,0.6451061,-0.47511148
K551S,540,-1.1221504,-1.0489559,0.19367726,0.65061647,0.6788318,-0.073194504
K551E,540,-2.0,-1.1028788,0.20094068,0.6942143,0.72271067,-0.8971212
K551R,540,-0.4783461,-1.4141105,0.48812655,0.6804138,0.8373951,0.93576443
K551C,540,-2.0,-1.0229055,0.24092765,0.6607389,0.7032937,-0.97709453
K551M,540,-0.527441,-1.2785012,0.37496963,0.65844864,0.7577314,0.7510601
K551H,540,-1.4189718,-0.9846493,0.14784238,0.6330527,0.650087,-0.43432248
K551W,540,-2.0,-1.6762015,0.6677453,0.66560704,0.9428237,-0.32379854
K551K,540,-0.104411885,-1.0687432,0.13571213,0.72004896,0.73272663,0.9643313
K551P,540,-1.4779291,-1.0625094,0.123567164,0.72862715,0.7390307,-0.4154197
K551L,540,-0.7861105,-1.1724833,0.29046214,0.6481256,0.7102359,0.3863728
K551F,540,-0.75514334,-1.5501788,0.6076324,0.7083985,0.9332982,0.7950354
K551G,540,-1.554425,-1.2150353,0.30665252,0.63029474,0.7009331,-0.33938968
K551Q,540,-1.4311688,-1.3248192,0.5491684,0.6936014,0.8846858,-0.10634959
K551I,540,-0.25321767,-1.1775284,0.2925343,0.7385924,0.79441494,0.9243107
K551N,540,-1.5702355,-1.045185,0.1983893,0.65634465,0.6856724,-0.5250505
P552D,541,-0.89724857,-0.96906185,0.07905937,0.711077,0.7154585,0.071813285
P552M,541,-0.58302075,-0.972581,0.08744841,0.6756438,0.68127954,0.38956028
P552L,541,-2.0,-0.992997,0.1384579,0.65172046,0.66626585,-1.0070031
P552C,541,-2.0,-0.94085133,0.16534542,0.6205185,0.64217,-1.0591487
P552F,541,-0.57867604,-1.14015,0.41437972,0.71946836,0.83026814,0.5614739
P552P,541,-0.54916376,-1.1355467,0.27220815,0.69636863,0.74768084,0.5863829
P552E,541,-0.7803404,-0.9142677,0.075354494,0.6709839,0.67520195,0.13392735
P552K,541,-0.31976825,-1.0160688,0.08914731,0.6855184,0.69129056,0.69630057
P552Q,541,-0.7906244,-0.91731703,0.2277626,0.69803685,0.73425555,0.12669265
P552T,541,-0.62457347,-1.0757568,0.32356757,0.70813066,0.7785532,0.45118332
P552W,541,-0.62344223,-1.1212555,0.2715481,0.69146353,0.74287295,0.49781328
P552A,541,-1.5187843,-0.93634236,0.1289974,0.68355936,0.69562465,-0.5824419
P552Y,541,-0.8238058,-0.95708436,0.16563073,0.65843743,0.67895025,0.13327855
P552I,541,-0.54829985,-1.2265466,0.38651523,0.6250326,0.7348876,0.6782468
P552R,541,-1.2106081,-0.9252273,0.19921814,0.62730205,0.65817606,-0.28538084
P552H,541,-0.88601214,-1.1679003,0.28212732,0.61720663,0.6786309,0.2818882
P552G,541,-1.5302888,-0.9749176,0.08049198,0.72115576,0.725634,-0.5553712
P552N,541,-0.8246759,-1.099415,0.4037772,0.65769684,0.77175206,0.27473903
P552V,541,-0.33656797,-1.2962275,0.31766784,0.556699,0.6409576,0.95965946
P552S,541,-0.88894105,-0.976243,0.31031787,0.71721846,0.7814727,0.08730197
Q553G,542,-0.16618648,-0.85437196,0.11758041,0.6457773,0.65639424,0.68818545
Q553Q,542,-0.044350274,-0.7695975,0.2573613,0.5672446,0.62289745,0.7252472
Q553T,542,-0.17704244,-0.95893115,0.22902973,0.5736933,0.6177205,0.7818887
Q553E,542,-1.0226434,-0.8288359,0.123004116,0.64873415,0.6602923,-0.19380754
Q553Y,542,-1.2479032,-0.92231274,0.13866255,0.6480438,0.6627127,-0.3255905
Q553A,542,-0.21531074,-0.76004523,0.13601665,0.5735792,0.5894859,0.5447345
Q553L,542,-1.0423095,-1.2722968,0.4109581,0.57257426,0.7047892,0.22998726
Q553F,542,-1.2819976,-0.7912951,0.14701778,0.58920026,0.6072653,-0.49070245
Q553D,542,-1.142544,-0.970212,0.1478751,0.6049074,0.6227198,-0.17233205
Q553K,542,-0.6804013,-1.0825647,0.34754643,0.61505204,0.70645416,0.4021634
Q553N,542,-0.77182144,-0.5987083,0.21914884,0.4802639,0.5279011,-0.17311317
Q553I,542,-1.0500317,-0.89787406,0.16117533,0.6272643,0.64764035,-0.1521576
Q553P,542,-0.5546593,-0.8686776,0.3750764,0.6520638,0.752243,0.3140183
Q553W,542,-1.8846979,-1.0267729,0.30671492,0.62901354,0.6998086,-0.85792506
Q553H,542,-1.2556709,-0.82684594,0.31562123,0.63873595,0.7124608,-0.42882496
Q553S,542,0.13411444,-0.46441546,0.2208069,0.46435916,0.51418394,0.59852993
Q553M,542,-0.40488327,-0.7741743,0.19220571,0.5646056,0.5964248,0.369291
Q553C,542,-1.1036572,-0.7189781,0.121647805,0.56989694,0.58273554,-0.38467914
Q553R,542,-0.6432357,-0.8010799,0.2356697,0.55114937,0.59942126,0.15784425
K554R,543,-0.014104248,-0.30705452,0.25621384,0.37592676,0.45493567,0.29295027
K554E,543,-0.3865951,-0.4378049,0.4145579,0.39201128,0.57055336,0.051209807
K554Y,543,-0.415926,-0.50341016,0.24025488,0.39989564,0.46651787,0.08748415
K554K,543,0.08716447,-0.66742957,0.10087942,0.5936359,0.6021464,0.754594
K554V,543,-0.10949333,-0.3830346,0.216445,0.3716864,0.43011534,0.27354127
K554T,543,-0.2994043,-0.53805465,0.22654557,0.5280816,0.5746243,0.23865035
K554L,543,-0.2733832,-0.6717187,0.29699066,0.425914,0.51923615,0.39833552
K554A,543,-0.22795472,-0.57925004,0.14703137,0.4863133,0.508054,0.35129532
K554C,543,-0.873562,-0.29665372,0.21031101,0.33435172,0.39499593,-0.57690823
K554N,543,-0.31107527,-0.5196395,0.12821965,0.53465444,0.5498142,0.20856422
K554M,543,-0.24303587,-0.16937004,0.1663458,0.30586115,0.34816945,-0.07366583
K554S,543,-0.1145247,-0.45066652,0.1766817,0.48948893,0.5203997,0.33614182
K554H,543,-0.3516208,-0.3262401,0.33236808,0.39019114,0.5125599,-0.0253807
K554W,543,-0.66950625,-0.6999991,0.30429614,0.4536434,0.54624945,0.030492842
K554F,543,-0.268451,-0.6008985,0.22873837,0.5180693,0.56631887,0.3324475
K554G,543,-1.0789925,-0.44383126,0.24667834,0.4400246,0.504452,-0.6351612
K554D,543,-0.3720315,-0.60047364,0.14903662,0.4935125,0.51552546,0.22844213
K554I,543,-0.24148305,-0.77332014,0.14402005,0.58736813,0.60476696,0.5318371
K554Q,543,-0.16823405,-0.3646663,0.20689125,0.39599866,0.44678736,0.19643226
K554P,543,-0.2846055,-0.41295314,0.24634379,0.4482915,0.5115179,0.12834764
F555W,544,0.13194622,-0.91077816,0.24096374,0.57160467,0.62031883,1.0427244
F555C,544,-0.8733381,-0.41300783,0.24250723,0.38677925,0.4565172,-0.46033028
F555Y,544,-0.19178835,-0.24486247,0.28967947,0.3536761,0.45716625,0.05307412
F555Q,544,-0.3839217,-0.75759965,0.16409686,0.5730365,0.5960693,0.37367794
F555T,544,-0.75226504,-0.45469126,0.2625989,0.4292442,0.5031985,-0.29757378
F555A,544,-0.7068276,-0.6328252,0.16996813,0.5990832,0.62272775,-0.074002385
F555N,544,-0.4856277,-0.60495114,0.27474737,0.44851825,0.52597976,0.11932343
F555R,544,-0.38902152,-0.77290416,0.13708343,0.59141076,0.60709023,0.38388264
F555D,544,-0.8108486,-0.64994496,0.29184502,0.5002857,0.57918847,-0.16090363
F555I,544,-0.8911816,-0.42319852,0.20327114,0.43152183,0.4770013,-0.46798307
F555S,544,-0.35000023,-0.6722793,0.2257401,0.58705425,0.6289605,0.32227907
F555F,544,0.024397902,-0.74449027,0.20525317,0.58867705,0.62343365,0.7688882
F555L,544,-0.40443665,-0.4161044,0.22864948,0.44484955,0.50017166,0.011667758
F555P,544,-1.8157167,-0.33844763,0.33780187,0.3983825,0.5223205,-1.4772692
F555G,544,-1.0154324,-0.6774458,0.111780725,0.563851,0.5748242,-0.33798653
F555H,544,-0.21442337,-0.87667286,0.14687751,0.62394357,0.6409981,0.6622495
F555K,544,-0.8384209,-0.75594133,0.13134234,0.64716136,0.6603549,-0.082479596
F555M,544,-0.08016509,-0.65320456,0.25288573,0.5455775,0.6013369,0.5730395
F555E,544,-0.84848124,-0.5722338,0.21051212,0.4696088,0.51463366,-0.27624744
G556P,545,-0.015473199,-0.5566876,0.20587975,0.49673286,0.5377081,0.5412144
G556Q,545,0.11404377,-0.31465262,0.3107012,0.4036172,0.5093546,0.4286964
G556C,545,-0.5412317,-0.36000386,0.21173042,0.42730063,0.47688112,-0.18122783
G556N,545,0.05368653,-0.26981184,0.16851832,0.37866077,0.4144664,0.32349837
G556L,545,-0.09104632,-0.22555748,0.29185945,0.38733867,0.48498783,0.13451116
G556S,545,-0.053049598,-0.2991604,0.2531505,0.3718405,0.44983393,0.2461108
G556G,545,-0.039131045,-0.45293728,0.2540886,0.39731908,0.4716179,0.41380623
G556Y,545,-0.07177741,-0.41168824,0.26590556,0.43250713,0.5077088,0.33991084
G556E,545,-0.12364007,-0.39006802,0.3237218,0.3717575,0.49294975,0.26642796
G556A,545,0.065253444,-0.4513568,0.25891542,0.44880104,0.51813084,0.51661026
G556W,545,-0.07710634,-0.23174834,0.29531294,0.35692993,0.46325877,0.154642
G556I,545,-0.10950863,-0.36585155,0.2843371,0.40178025,0.49221432,0.25634292
G556K,545,-2.0,-0.33827683,0.3316763,0.37621394,0.5015437,-1.6617231
G556T,545,0.04192891,-0.3816923,0.26420704,0.4048601,0.4834429,0.4236212
G556R,545,0.34608486,-0.3033933,0.23597366,0.41729996,0.4793984,0.6494782
G556V,545,0.08400487,-0.40576634,0.16637169,0.40841684,0.44100323,0.48977122
G556D,545,-0.21344547,-0.30432776,0.21334276,0.3812006,0.43683982,0.09088229
G556M,545,-0.004657291,-0.28369114,0.3323449,0.3910188,0.51317525,0.27903384
G556F,545,-0.26163912,-0.20562248,0.20577458,0.35023007,0.40620717,-0.05601664
G556H,545,-0.3083997,-0.47911024,0.30612853,0.4770082,0.5667905,0.17071053
T561C,550,-0.5192472,-0.2147322,0.25407964,0.35232314,0.43438238,-0.30451497
T561L,550,-0.08041364,-0.11744397,0.18239848,0.32559732,0.37320614,0.03703033
T561Y,550,-0.3887118,-0.12036417,0.22831115,0.32774162,0.3994253,-0.26834765
T561K,550,0.21542709,-0.34618998,0.22637983,0.43010163,0.48604035,0.5616171
T561S,550,0.2491716,-0.31013617,0.21658538,0.3856324,0.44229126,0.55930775
T561P,550,-0.2033543,-0.23946396,0.23452573,0.3513195,0.42240703,0.036109656
T561H,550,-0.16350557,-0.23520465,0.29564214,0.41410407,0.50880885,0.07169908
T561I,550,0.16073866,-0.30214447,0.24938165,0.38978472,0.4627346,0.4628831
T561R,550,0.14395632,-0.12780453,0.26739156,0.3436075,0.43538988,0.27176085
T561W,550,0.05921987,-0.09325079,0.27503702,0.31731683,0.419923,0.15247066
T561D,550,-0.39573893,-0.23942438,0.28694928,0.42574036,0.5134148,-0.15631455
T561A,550,0.016568782,-0.096451074,0.27138078,0.36241043,0.45275694,0.113019854
T561F,550,0.020945497,-0.21061146,0.28250098,0.34241888,0.4439116,0.23155695
T561N,550,0.011102459,-0.3611314,0.36762372,0.40927368,0.5501383,0.37223387
T561G,550,0.11350321,-0.19495863,0.19951104,0.33371451,0.3888059,0.30846184
T561T,550,0.004321374,-0.06932648,0.22843896,0.31589288,0.3898367,0.07364786
T561M,550,-0.0144558875,-0.076561205,0.29479945,0.38095397,0.48169768,0.062105317
T561E,550,-0.32993016,-0.2240157,0.20015442,0.3966212,0.44426364,-0.10591446
T561Q,550,0.10686824,-0.08927085,0.39064592,0.3822892,0.5465796,0.1961391
A566M,555,-0.06484658,-0.11583066,0.25968468,0.32806224,0.41840285,0.050984077
A566H,555,-0.12865795,-0.21800716,0.15839113,0.39602882,0.4265285,0.08934921
A566T,555,-0.088001296,-0.20635763,0.27835944,0.34937477,0.4467065,0.11835633
A566N,555,-0.11451009,-0.03172449,0.3512828,0.3107282,0.46899,-0.0827856
A566L,555,-0.2161959,-0.022234483,0.19842713,0.28568912,0.34783846,-0.19396141
A566E,555,-0.0029880246,-0.16931555,0.22707975,0.31677717,0.38976017,0.16632752
A566V,555,-0.05803222,-0.15560232,0.10161514,0.3445417,0.3592139,0.09757011
A566S,555,0.0107526705,-0.17147239,0.19233416,0.33183518,0.38354534,0.18222505
A566A,555,0.008317271,-0.1254032,0.2601483,0.29937363,0.39661276,0.13372047
A566P,555,-0.12881233,-0.14072716,0.27606115,0.32824486,0.4288991,0.011914834
A566G,555,0.1404691,-0.21390371,0.11880872,0.3467335,0.3665237,0.3543728
A566R,555,0.13196601,-0.09693621,0.30234796,0.34333977,0.45748934,0.22890222
A566Y,555,-0.29075575,-0.21450125,0.2589914,0.38141754,0.46103784,-0.0762545
A566Q,555,0.09356417,-0.1377337,0.16661951,0.32295367,0.3634022,0.23129787
A566I,555,-0.078985654,-0.46625635,0.2082348,0.46736866,0.51165926,0.3872707
A566C,555,-0.54904705,-0.18363516,0.22614084,0.35080984,0.41738138,-0.36541188
A566F,555,-0.13635372,-0.15750551,0.20908557,0.31760198,0.380247,0.021151796
A566D,555,0.009022986,-0.15401883,0.32683963,0.35659966,0.4837225,0.16304182
A566K,555,0.12643003,-0.22389197,0.26743072,0.35800463,0.44686297,0.350322
A566W,555,-0.14344215,-0.20280266,0.13957489,0.37347698,0.39870566,0.059360504
S567I,556,-0.19977011,-0.68784636,0.12874858,0.52601594,0.5415431,0.48807627
S567W,556,0.040120095,-0.37660465,0.31575042,0.39939776,0.50913346,0.41672474
S567N,556,-0.11735605,0.049863983,0.20656313,0.2674188,0.33790702,-0.16722003
S567P,556,-0.27175733,-0.51106757,0.27719232,0.45888925,0.53611094,0.23931023
S567D,556,-0.06248031,-0.13399528,0.30868128,0.32828903,0.45061937,0.071514964
S567C,556,-0.5039575,-0.08979296,0.25280517,0.31292695,0.40228564,-0.41416454
S567H,556,-0.4151516,-0.42724362,0.37692606,0.4722148,0.60420203,0.012092024
S567S,556,-0.039264712,-0.17360447,0.24339111,0.36445108,0.43825087,0.13433976
S567K,556,0.114382125,-0.2752814,0.23445977,0.37042245,0.43838817,0.38966352
S567E,556,-0.1752962,-0.18648787,0.28443605,0.38486412,0.4785648,0.011191666
S567Y,556,-0.46946144,-0.34082007,0.28994954,0.4572293,0.5414142,-0.12864137
S567M,556,-0.071806535,-0.19255774,0.18696815,0.35195282,0.39853215,0.1207512
S567T,556,-0.1163584,-0.3437829,0.27100414,0.369045,0.45786184,0.2274245
S567R,556,0.03343418,-0.08338234,0.2699461,0.36127746,0.45099035,0.11681652
S567L,556,-0.51257324,-0.4772242,0.22998439,0.45593643,0.51065725,-0.03534904
S567G,556,-0.090899706,-0.22821529,0.20901906,0.40008414,0.45139372,0.13731559
S567Q,556,-0.07293012,-0.23410526,0.2662693,0.38194302,0.46559617,0.16117513
S567F,556,-0.28605303,-0.37569115,0.38753715,0.5841068,0.7009749,0.089638114
S567A,556,-0.19537662,-0.104823165,0.28456864,0.3563818,0.45605624,-0.090553455
A568L,557,-0.19629239,-0.47657892,0.27816194,0.4341398,0.51560783,0.28028655
A568M,557,-0.043453813,-0.2695516,0.18101759,0.40282243,0.4416257,0.22609779
A568F,557,-0.04258837,-0.6040528,0.26406193,0.4707147,0.5397231,0.5614644
A568R,557,0.10625796,-0.17017354,0.25141802,0.34735626,0.4287976,0.2764315
A568Y,557,-0.15611579,-0.1706858,0.2141278,0.33633658,0.39871418,0.014570013
A568K,557,0.13765134,-0.24208222,0.25427634,0.37038487,0.44926766,0.37973356
A568N,557,-0.0033631334,-0.16398875,0.20089003,0.336048,0.3915164,0.16062562
A568A,557,-0.046200443,-0.2028164,0.23549148,0.3630601,0.43274572,0.15661596
A568P,557,-0.2354788,-0.22566405,0.25318712,0.3710003,0.44916025,-0.009814754
A568I,557,-2.0,-0.11488767,0.21466371,0.33810687,0.40049565,-1.8851123
A568H,557,-0.6998505,-0.107286334,0.18912709,0.32786033,0.3784989,-0.59256417
A568V,557,0.10968388,-0.37288883,0.27014342,0.37310454,0.46063486,0.4825727
A568W,557,-0.16528724,-0.58568126,0.22830403,0.44236606,0.49780566,0.420394
A568G,557,0.026507668,-0.28255057,0.26300278,0.3792132,0.46149012,0.30905825
A568D,557,0.043266084,-0.29427624,0.2150173,0.3529678,0.41330218,0.33754233
A568E,557,-0.0723031,-0.21011578,0.16648604,0.38661006,0.42093343,0.13781267
A568S,557,0.011545441,-0.18428819,0.18634921,0.31669337,0.36745167,0.19583362
A568Q,557,0.0841848,-0.07938085,0.15873119,0.31416562,0.3519881,0.16356565
A568T,557,-0.0022186255,-0.2710186,0.13569361,0.41924945,0.44066182,0.26879996
A568C,557,-0.5396479,-0.20456634,0.18681495,0.37043807,0.41487852,-0.33508152
S569S,558,0.059122562,-0.30303833,0.25361645,0.40842637,0.48076335,0.3621609
S569Y,558,-0.3849727,-0.16040322,0.25048015,0.355357,0.434763,-0.22456947
S569G,558,-0.04626889,-0.19363599,0.31995645,0.37201238,0.49067846,0.14736709
S569H,558,-0.45408013,-0.3618143,0.30040768,0.40725964,0.50606835,-0.092265844
S569F,558,-0.34554502,-0.40805846,0.20663571,0.4162799,0.46474433,0.06251344
S569K,558,0.16651775,-0.1891128,0.2925123,0.33818728,0.44713986,0.35563055
S569E,558,-0.11139898,-0.19939238,0.28111884,0.34888092,0.44804654,0.0879934
S569T,558,-0.018658176,-0.11163964,0.23569451,0.3176265,0.39552307,0.092981465
S569W,558,-0.56920433,-0.2996423,0.22142202,0.41688982,0.47204325,-0.26956204
S569R,558,0.23368645,-0.12507547,0.16665241,0.32502723,0.36526117,0.3587619
S569C,558,-0.27584723,-0.12748224,0.26904503,0.30035293,0.40323332,-0.14836499
S569L,558,-0.18949507,-0.1728494,0.27382666,0.36394688,0.45545405,-0.01664567
S569M,558,-0.06589599,-0.13189976,0.2342768,0.31742615,0.39451864,0.06600377
S569Q,558,0.06996328,-0.01149202,0.17133029,0.26777178,0.31789273,0.0814553
S569D,558,0.003063853,-0.36375386,0.20825242,0.36401594,0.41937652,0.3668177
S569A,558,-0.048365362,-0.1617027,0.30058748,0.35312247,0.46373302,0.113337345
S569I,558,-0.0859917,-0.6379328,0.2739317,0.5417923,0.60710585,0.5519411
S569P,558,-0.00011104967,-0.32437173,0.26250997,0.37466684,0.45747867,0.32426068
S569N,558,-0.0043961075,-0.23621173,0.23577996,0.35164976,0.42337897,0.23181562
A570K,559,0.21518688,-0.16228056,0.36073288,0.36365086,0.5122208,0.37746745
A570R,559,0.14661694,-0.08308241,0.25427052,0.32810348,0.41509685,0.22969934
A570P,559,-0.2096712,-0.04379758,0.1670807,0.29729298,0.3410265,-0.16587362
A570V,559,0.05165768,-0.14670469,0.22630519,0.33736914,0.40624127,0.19836237
A570A,559,0.047179397,-0.100277364,0.1403183,0.32255423,0.3517534,0.14745677
A570Y,559,0.023872297,-0.1554241,0.13704976,0.32121006,0.34922564,0.1792964
A570M,559,-0.08480648,-0.04562811,0.2036247,0.30140617,0.36374262,-0.039178368
A570S,559,0.18509294,-0.14019625,0.19662961,0.31393903,0.37043345,0.3252892
A570C,559,-0.21809362,-0.13730036,0.205135,0.3368027,0.3943557,-0.08079326
A570W,559,-0.08926816,-0.25400013,0.26965833,0.3576965,0.44795355,0.16473196
A570Q,559,0.04196132,0.02753128,0.3739924,0.30678454,0.48372212,0.0144300405
A570N,559,0.046701945,-0.05945859,0.21576647,0.29840124,0.36823696,0.10616054
A570I,559,-0.03519231,-0.054567527,0.22335352,0.2928501,0.3683042,0.019375216
A570H,559,-0.14921956,-0.16525136,0.22779523,0.34017184,0.409399,0.016031802
A570E,559,0.017022317,-0.13512586,0.20888442,0.31988782,0.3820483,0.15214817
A570L,559,-0.13904308,-0.28178293,0.3113055,0.39917952,0.50621676,0.14273985
A570T,559,0.07808321,-0.068574615,0.12544693,0.2768711,0.30396467,0.14665782
A570D,559,0.040245578,-0.1383493,0.19498986,0.30171484,0.3592393,0.17859487
A570F,559,-0.037849285,-0.20750426,0.293068,0.35540518,0.46065354,0.16965497
A570G,559,0.058788143,-0.17943308,0.20442978,0.3541206,0.40889233,0.23822123
V571F,560,-0.22094479,-0.24937029,0.13448885,0.32879284,0.3552351,0.0284255
V571A,560,-0.17187764,-0.13080083,0.24366942,0.32436734,0.40569565,-0.04107681
V571K,560,0.15961108,-0.17855267,0.17793787,0.33991492,0.3836718,0.33816373
V571Q,560,0.06452843,-0.04104786,0.21273836,0.3030694,0.37028188,0.10557629
V571T,560,-0.07064511,-0.1950368,0.26591244,0.35044602,0.4399112,0.12439169
V571P,560,0.0112102805,-0.044596512,0.18790545,0.284597,0.3410336,0.055806793
V571M,560,-0.10999798,-0.14979336,0.23781316,0.3451279,0.41912812,0.039795376
V571N,560,-0.07035953,-0.17128403,0.2477138,0.3590307,0.43619397,0.10092451
V571I,560,-0.08172266,-0.5391858,0.21551003,0.484656,0.5304112,0.45746315
V571D,560,0.047297843,-0.2401891,0.24505608,0.3781631,0.45062158,0.28748694
V571W,560,-0.10093585,-0.30872378,0.26727808,0.33746147,0.43048555,0.20778793
V571G,560,0.004708714,-0.14404486,0.21566756,0.36720526,0.42585468,0.14875357
V571H,560,-0.18022141,-0.16997929,0.14811043,0.3205209,0.3530869,-0.010242119
V571C,560,-0.19226883,-0.4159759,0.20066775,0.44559294,0.48869276,0.22370706
V571E,560,-0.18234801,-0.17949672,0.1961936,0.3426313,0.3948267,-0.0028512925
V571Y,560,-0.28965363,-0.013758617,0.19087191,0.27695715,0.33635896,-0.275895
V571R,560,0.16065998,-0.2328056,0.29232094,0.411716,0.50493723,0.39346558
V571S,560,-0.07665348,0.03014717,0.24935682,0.2800421,0.37496987,-0.10680065
V571L,560,-0.2282083,-0.16780977,0.20537363,0.32344645,0.38313958,-0.060398534
P572E,561,-0.07479051,-0.26595485,0.30011645,0.3384216,0.4523263,0.19116434
P572Q,561,-0.0028064663,-0.1360858,0.27665085,0.33381477,0.43355274,0.13327932
P572T,561,0.034790907,-0.2588676,0.30261967,0.40142053,0.50270975,0.2936585
P572P,561,0.0029547545,-0.08778228,0.15834326,0.30646572,0.34495482,0.09073703
P572Y,561,0.066035986,-0.17329739,0.16361335,0.3661421,0.40103534,0.23933338
P572F,561,-0.0667105,-0.15183245,0.13660905,0.33439207,0.36122027,0.085121945
P572K,561,0.07471421,-0.07840714,0.19351003,0.31252,0.36757976,0.15312135
P572G,561,-0.2870102,-0.19562946,0.18086323,0.36987707,0.4117287,-0.09138073
P572S,561,-0.10480252,-0.16257662,0.31294686,0.35065565,0.4699948,0.057774097
P572R,561,-0.02311058,-0.123160124,0.14050902,0.3181857,0.34782887,0.10004954
P572V,561,0.072242975,-0.19571352,0.18736602,0.38762358,0.43053228,0.2679565
P572C,561,-0.109007865,-0.21297355,0.18688568,0.363222,0.4084807,0.103965685
P572L,561,-0.08522548,-0.26453504,0.3422056,0.3721233,0.5055496,0.17930956
P572H,561,-0.06353783,-0.08304634,0.19675535,0.349669,0.4012245,0.01950851
P572W,561,-0.10076197,-0.25055954,0.29680407,0.34658593,0.45630524,0.14979756
P572D,561,-0.020486852,-0.08645492,0.28053388,0.33255732,0.43507886,0.06596807
P572N,561,0.030870141,-0.04708853,0.27673486,0.30446637,0.41143888,0.07795867
P572I,561,-0.026305092,-0.47852087,0.20401222,0.46563524,0.5083671,0.4522158
P572A,561,-0.012716487,-0.13178188,0.31590024,0.3932812,0.50444335,0.11906539
P572M,561,-0.07264841,-0.1410733,0.38100234,0.32644588,0.5017267,0.06842489
K573I,562,-0.004402,-0.40540358,0.17050873,0.43195796,0.46439305,0.40100157
K573W,562,-0.18266062,-0.069638155,0.2507126,0.30822837,0.39731792,-0.11302247
K573A,562,-0.21739267,-0.1736424,0.260282,0.35219416,0.43793544,-0.04375027
K573R,562,0.04421029,-0.11102374,0.21664025,0.35567752,0.41646066,0.15523402
K573N,562,-0.12729663,-0.13536158,0.18562095,0.27517825,0.33193105,0.0080649555
K573D,562,0.07265764,-0.21539727,0.3349803,0.32401553,0.4660449,0.2880549
K573C,562,-0.1670282,-0.2916288,0.25101307,0.30827525,0.39754397,0.124600604
K573Q,562,0.04254792,-0.14107732,0.28881723,0.33500284,0.44231468,0.18362525
K573E,562,-0.0027782887,-0.094874464,0.30918378,0.29608464,0.42808962,0.09209617
K573Y,562,-0.3737715,-0.17579,0.16028199,0.2844243,0.3264774,-0.19798149
K573G,562,-0.21316779,-0.0737955,0.24936186,0.30731478,0.39575714,-0.13937229
K573L,562,-0.091685496,0.009613103,0.23999879,0.28789163,0.37480795,-0.1012986
K573K,562,0.0981592,-0.2600753,0.35780436,0.34610978,0.49781117,0.3582345
K573M,562,-0.00927138,-0.15801819,0.22354034,0.37907547,0.4400778,0.1487468
K573F,562,-0.057501424,-0.06360512,0.22605291,0.29520705,0.37181598,0.006103698
K573P,562,-0.086661056,-0.14639007,0.21058033,0.3753825,0.43041387,0.05972901
K573S,562,0.049698193,-0.22384214,0.2553237,0.30650017,0.3989142,0.27354035
K573T,562,-0.091566265,-0.1538487,0.25127992,0.3128758,0.401289,0.06228243
K573H,562,-0.12512645,-0.22039807,0.17734621,0.39947718,0.437074,0.09527162
